"","C002","C004","C005","C006","C007","C009","C010","C011","C012","C015","C016","C017","C019","C020","C021","C022","C024","C026","C028","C029","C030","C031","C032","C033","C034","P002","P012","P013_2","P014","P027","P034","P037","P038","P041","P042","P049","P056","P058","P060","P064","P065","P070","P080","P085","P086","P089","P092","P099","P100_2","P113"
"Label","Healthy","Healthy","Healthy","Healthy","Healthy","Healthy","Healthy","Healthy","Healthy","Healthy","Healthy","Healthy","Healthy","Healthy","Healthy","Healthy","Healthy","Healthy","Healthy","Healthy","Healthy","Healthy","Healthy","Healthy","Healthy","Renal","Renal","Renal","Renal","Renal","Renal","Renal","Renal","Renal","Renal","Renal","Renal","Renal","Renal","Renal","Renal","Renal","Renal","Renal","Renal","Renal","Renal","Renal","Renal","Renal"
"0","-0.12200701"," 0.63997498"," 0.08323791"," 0.08323791","-0.19716430"," 0.08323791"," 0.08323791"," 0.08323791","-0.17310583"," 0.08323791"," 0.08323791","-0.12200701","-0.12200701","-0.15383837","-0.19716430"," 0.08323791","-0.20958929","-0.04711786","-0.28472397"," 0.08323791","-0.15383837","-0.20337680","-0.04711786"," 0.08323791","-0.15383837"," 0.08323791","-0.04711786","-0.35213680"," 0.63997498"," 0.08323791"," 0.08323791"," 0.63997498"," 0.08323791"," 0.08323791"," 0.08323791"," 0.08323791"," 0.08323791","-0.04711786"," 0.08323791"," 0.08323791","-0.17310583"," 0.08323791","-0.17310583"," 0.08323791","-0.17310583","-0.35790541","-0.04711786"," 0.08323791","-0.36002502"," 0.08323791"
"1.00135","-0.10505721","-0.06527471","-0.10858623","-0.04971822"," 0.06011352","-0.06313210","-0.04971822","-0.11089990","-0.05520080","-0.08774971","-0.09851682","-0.11265541","-0.06313210","-0.08403614","-0.07332304","-0.09358790","-0.06313210","-0.05245951","-0.01056590","-0.10505721","-0.07982292","-0.07332304","-0.03085777","-0.10505721","-0.07332304","-0.09514985"," 0.16921605"," 0.88734459","-0.09358790","-0.09514985","-0.09148129","-0.10656065"," 0.11232861","-0.08937468","-0.10355378","-0.10032184","-0.09671180","-0.03085777"," 0.01628886","-0.10974307"," 0.05151604","-0.01056590"," 0.35880184"," 0.25414660"," 0.17984813"," 0.33881607","-0.10355378","-0.10193781"," 0.49168025"," 0.12263659"
"1.0681","-0.085424366","-0.133539620","-0.178701973"," 0.004014469","-0.204755647","-0.154908403","-0.031272700","-0.108332065","-0.045565878"," 0.009091188"," 0.082249316","-0.108332065"," 0.077428137","-0.195624368"," 0.110909494","-0.085424366","-0.001062249","-0.021017047","-0.021017047","-0.068342968","-0.185618576","-0.195624368"," 0.097496508","-0.040142761"," 0.021118582","-0.163551318"," 0.450640780"," 0.536672421"," 0.009091188","-0.154908403","-0.147753296","-0.214000500","-0.012771639","-0.147753296"," 0.065457529"," 0.030340719","-0.178701973"," 0.053248418"," 0.154476144","-0.242541426"," 0.276192461"," 0.030340719"," 0.251433520"," 0.110909494","-0.012771639"," 0.251433520","-0.228730934","-0.224630944"," 0.757458574"," 0.212818658"
"1.08855","-0.29669789","-0.01933114"," 0.11305204"," 0.17236350","-0.21070945","-0.08966135","-0.13101242","-0.04008576"," 0.01289914"," 0.13835826"," 0.23641987","-0.02970845","-0.14399944","-0.19259090"," 0.13835826","-0.21070945"," 0.50635292","-0.01933114"," 0.19810906"," 0.11305204"," 0.02356642","-0.08966135"," 0.13835826"," 0.13835826"," 0.13835826","-0.35857512"," 0.46971161"," 0.26576806","-0.11978279","-0.08966135","-0.22346801","-0.29669789","-0.49364708","-0.19259090"," 0.33000018"," 0.26576806","-0.25306223","-0.08966135"," 0.26576806","-0.20165018"," 0.46971161","-0.07113860","-0.29669789","-0.46746217"," 0.25109397"," 0.40073458","-0.04008576","-0.15113439","-0.08039998"," 0.11305204"
"1.11465","-0.083097716","-0.052913150"," 0.014805538"," 0.028110695","-0.070480603","-0.002565331","-0.006559558","-0.018443949","-0.070480603","-0.054961644"," 0.002166087","-0.060338660","-0.079161570","-0.079161570","-0.060338660","-0.026200078"," 0.032212150","-0.018443949"," 0.009095669","-0.060338660","-0.018443949","-0.039746496","-0.052913150"," 0.048394580"," 0.051106544"," 0.900237330","-0.012787694","-0.011165877"," 0.011950604"," 0.024317519","-0.057010137","-0.088155283","-0.090326642","-0.057010137"," 0.005793953"," 0.002166087","-0.026200078","-0.060338660","-0.002565331","-0.099762670"," 0.028110695","-0.052913150","-0.090326642","-0.008862717","-0.002565331"," 0.019608441"," 0.028110695"," 0.009095669"," 0.301862722","-0.002565331"
"1.1535","-0.050247811"," 0.103771166"," 0.251977390"," 0.263274110","-0.062151519"," 0.039190177","-0.068971703","-0.072917125","-0.072917125","-0.047040049","-0.068971703","-0.083434034","-0.083434034","-0.065540535","-0.082485616","-0.082485616"," 0.018291245","-0.076411521"," 0.186979097"," 0.034747362"," 0.013827354","-0.074438810","-0.004445512","-0.068971703"," 0.083369626"," 0.916565966","-0.055870880","-0.068971703","-0.040679321","-0.008471023","-0.001153446","-0.058437933","-0.064157952"," 0.005713105","-0.055870880","-0.040679321","-0.001153446"," 0.046638425","-0.064157952","-0.070961275","-0.070961275","-0.047040049"," 0.024829011","-0.058437933","-0.066923119","-0.004445512","-0.066923119","-0.062151519"," 0.027522520","-0.044384476"
"1.1896","-0.04866208","-0.06586063","-0.06012583"," 0.11891878","-0.12934873","-0.05665646","-0.07876909"," 0.04253544","-0.01694740","-0.04037847","-0.04866208","-0.07876909","-0.13032949"," 0.08931978","-0.10787184","-0.11487077","-0.08325592","-0.08767228"," 0.13025332","-0.09359502","-0.12829456","-0.06323548","-0.04307410","-0.05369509","-0.09025926"," 0.86967051","-0.02564651"," 0.05738633","-0.09901856","-0.03152520","-0.06586063","-0.05024040","-0.11357728","-0.06012583","-0.01910419"," 0.09466405","-0.04172629","-0.07101990","-0.11616426"," 0.34952968","-0.12091537"," 0.40834595"," 0.40834595","-0.10787184"," 0.17873344","-0.04037847","-0.11756199","-0.11357728","-0.11178901"," 0.17873344"
"1.21715"," 0.006229535","-0.025410842"," 0.321378633"," 0.277561455","-0.162041938","-0.085056251","-0.102444786"," 0.141203814"," 0.019580584"," 0.176785164","-0.102444786","-0.176213353","-0.063453289","-0.010338634","-0.056230854","-0.182647593","-0.102444786","-0.176213353"," 0.072695239","-0.075871373","-0.085056251"," 0.039333702","-0.010338634","-0.150363792"," 0.072695239"," 0.241224082"," 0.168106982"," 0.159428800","-0.125994106","-0.010338634","-0.253350245","-0.189789600"," 0.006229535","-0.250396928"," 0.094957711"," 0.176785164","-0.093678134","-0.162041938","-0.108299945"," 0.746649755","-0.063453289"," 0.072695239"," 0.211417463","-0.010338634"," 0.277561455","-0.045694785","-0.176213353","-0.220046616","-0.217730290"," 0.211417463"
"1.2414","-0.124386360"," 0.081679409"," 0.260245204"," 0.171084996","-0.223354716","-0.162840753"," 0.088953143"," 0.017828291","-0.088508446"," 0.110476386","-0.069666845","-0.139179207","-0.113116453","-0.001521595","-0.059290820","-0.044007214","-0.034454961","-0.157705321"," 0.260245204","-0.108945011","-0.079657276","-0.001521595","-0.069666845","-0.079657276","-0.034454961","-0.139179207","-0.001521595","-0.015052494","-0.050387068"," 0.074405675","-0.117287896","-0.208435674"," 0.146827530","-0.135288198"," 0.039929927","-0.050387068","-0.144209477","-0.139179207","-0.025060451"," 0.081679409"," 0.074405675"," 0.002413232","-0.150063518"," 0.578712076"," 0.171084996"," 0.776645284","-0.096220357","-0.182344877"," 0.241333495","-0.131397188"
"1.274"," 0.271343268"," 0.428965543","-0.220315544"," 0.304259168","-0.434852402"," 0.041530440","-0.193878091"," 0.271343268"," 0.384678696","-0.074490626"," 0.077251672"," 0.384678696"," 0.342037644","-0.193878091"," 0.217032033","-0.465030298","-0.041956252","-0.271290303"," 0.534969702"," 0.066516600","-0.176208238"," 0.240147972"," 0.494198872","-0.096252525"," 0.008913775","-0.063501204","-0.063501204","-0.236085252","-0.085480048","-0.423601149","-0.400919102"," 0.008913775"," 0.466968446","-0.382344061","-0.013005222","-0.252169158","-0.176208238","-0.207612999","-0.207612999","-0.236085252"," 0.342037644"," 0.136163652","-0.107025001","-0.107025001"," 0.054023520"," 0.428965543","-0.423601149","-0.310340530"," 0.271343268"," 0.087986744"
"1.33965","-0.08531989","-0.09755407","-0.01169977","-0.10167363","-0.01169977","-0.11077287","-0.09138605","-0.06503899","-0.10742290","-0.09138605","-0.08531989","-0.09138605","-0.09447006","-0.08531989","-0.11412284","-0.01169977","-0.04335472","-0.04335472","-0.06503899","-0.09138605","-0.09138605","-0.02109327","-0.05762605","-0.04335472","-0.07885761"," 0.87371088"," 0.04133388"," 0.20063853"," 0.14424360"," 0.05760273","-0.05762605"," 0.09890583","-0.09755407"," 0.08669428","-0.08531989","-0.09138605","-0.07012053","-0.07012053"," 0.02567050"," 0.30454419"," 0.14424360","-0.10167363"," 0.23811066"," 0.16980975"," 0.07387159","-0.07448907","-0.12057380","-0.12057380","-0.12628912"," 0.34807116"
"1.3622","-0.0432588208"," 0.0264718807","-0.2268920808"," 0.0810397864","-0.2623385208"," 0.0621089905","-0.1739040113","-0.1090853293","-0.0782149667","-0.0782149667","-0.1221598358","-0.2366525631","-0.0302297118","-0.0848657139"," 0.1124776190","-0.2366525631","-0.0009936625","-0.1683927436","-0.1221598358","-0.0782149667","-0.2096137573","-0.1905558481","-0.1905558481","-0.0915164612","-0.2719537308"," 0.4762258258"," 0.2912760355","-0.1354976484"," 0.0810397864"," 0.2653540104"," 0.1010147270"," 0.7105681963","-0.0508402186"," 0.1368788247"," 0.1498171385"," 0.1498171385"," 0.3467064955","-0.1221598358"," 0.1766925130"," 0.0264718807"," 0.2653540104","-0.1628814760","-0.2894318037","-0.0302297118","-0.0201514464","-0.1628814760","-0.0915164612","-0.0100731809"," 0.5606653471"," 0.0621089905"
"1.4369","-0.13560059","-0.10919758","-0.19701438","-0.09571880","-0.10125777"," 0.21653623","-0.18071887","-0.19111624","-0.09017984","-0.21517512"," 0.04852735","-0.15437887"," 0.01815444","-0.13560059","-0.13560059"," 0.02307586","-0.10919758","-0.10919758","-0.16864532","-0.18656660","-0.05035477","-0.06923387","-0.04319634","-0.18071887","-0.10125777"," 0.13533593"," 0.20888628"," 0.15931919"," 0.17088863","-0.02261585","-0.00350990","-0.15437887"," 0.13533593"," 0.01213656","-0.14327574"," 0.15931919","-0.10919758"," 0.05502413"," 0.04852735"," 0.09636785"," 0.78482488"," 0.08613432"," 0.69553354","-0.15437887"," 0.22418617"," 0.08613432"," 0.01815444","-0.16037783"," 0.24404829","-0.11878836"
"1.4781"," 0.057007772","-0.106114688","-0.064517934","-0.172128911","-0.121075478"," 0.012041154","-0.050933171","-0.209064020","-0.064517934","-0.100582495"," 0.156453850","-0.074627525","-0.057725553","-0.276004957","-0.100582495"," 0.082492365","-0.050933171","-0.089995507","-0.095050302","-0.100582495","-0.110376161","-0.013618953"," 0.026082253","-0.110376161"," 0.097937573"," 0.115664460"," 0.174286045"," 0.355170494"," 0.067854520","-0.008581709","-0.159383104","-0.013618953","-0.057725553"," 0.272152500","-0.064517934","-0.003544465","-0.084940711"," 0.012041154"," 0.019061704","-0.045790619"," 0.718764734"," 0.019061704"," 0.496459046"," 0.097937573"," 0.156453850"," 0.019061704","-0.106114688","-0.121075478","-0.281235266","-0.040648067"
"1.4929"," 0.06618144","-0.08874842","-0.04679103","-0.16969867","-0.11349954","-0.18544939","-0.03700943","-0.19233323","-0.17240948","-0.10737686"," 0.01310040","-0.08874842","-0.05325090","-0.24092742","-0.06932544","-0.07422959","-0.03700943","-0.05971076","-0.09927115","-0.09400979","-0.08874842","-0.02973166"," 0.01310040","-0.12356491"," 0.08010269"," 0.03997476"," 0.21564295"," 0.37071302"," 0.05586569"," 0.01310040"," 0.01310040","-0.02245388","-0.03700943"," 0.27546761","-0.06932544"," 0.01310040","-0.05971076"," 0.06618144"," 0.06102356","-0.02245388"," 0.13067990","-0.14634302"," 0.29733433"," 0.11165085"," 0.16740263"," 0.01977726","-0.07913374","-0.12750759"," 0.75907258","-0.04679103"
"1.8554","-0.044426969","-0.005148913"," 0.077224264","-0.094661412"," 0.249251314","-0.111637921","-0.084894913","-0.094661412","-0.089147876"," 0.005206640","-0.079428501","-0.021536368"," 0.005206640"," 0.049126434"," 0.005206640","-0.049616526","-0.094661412","-0.098749440","-0.073867840"," 0.049126434"," 0.013983530","-0.094661412"," 0.077224264"," 0.095225725","-0.044426969"," 0.009595085","-0.049616526","-0.087021394","-0.005148913"," 0.024786763"," 0.035743149","-0.060413869"," 0.888362079"," 0.042434792","-0.057609976","-0.017053675"," 0.203352301","-0.101111543","-0.071005042","-0.091904644","-0.087021394"," 0.115677647","-0.068142245","-0.064278057"," 0.243843807","-0.096705426","-0.076648170","-0.068142245","-0.057609976","-0.049616526"
"1.9242","-0.093135532","-0.046380199","-0.207402083","-0.112139229"," 0.057620196","-0.104678133","-0.029521242","-0.082736792","-0.112139229","-0.059833568"," 0.099501120","-0.051800542"," 0.319538452","-0.278550260","-0.022957038","-0.132156803","-0.233372935","-0.001574629","-0.164959627","-0.202629061","-0.093135532"," 0.013815506"," 0.050653041","-0.157321753","-0.104678133"," 0.721449740","-0.029521242"," 0.265620987","-0.112139229","-0.072208068"," 0.079431553","-0.093135532","-0.161140690"," 0.079431553","-0.066020818"," 0.173163193"," 0.459713463"," 0.079431553"," 0.265620987","-0.016392833","-0.112139229"," 0.160983669","-0.040959856"," 0.233696856","-0.001574629"," 0.050653041"," 0.064587352"," 0.050653041","-0.108408681","-0.120822176"
"1.93875","-0.21693540","-0.11956855","-0.13187590","-0.13481624"," 0.15494254","-0.19241279"," 0.04324892"," 0.04324892","-0.13481624"," 0.03380956","-0.25357459"," 0.12386172","-0.09922952","-0.20600284","-0.27997849"," 0.25739414","-0.14931405","-0.03775198","-0.25044349","-0.13187590"," 0.07100787","-0.12490985","-0.09576294","-0.09922952","-0.19988535","-0.14453846"," 0.00848444"," 0.00848444","-0.18661762","-0.13775659"," 0.72002151","-0.09229636","-0.22271742"," 0.47134203"," 0.19316044","-0.00115226"," 0.07100787"," 0.17368970"," 0.30156509","-0.25044349"," 0.09998375"," 0.44404353","-0.15525394","-0.19988535"," 0.11700420"," 0.20986844"," 0.23976523"," 0.27617420"," 0.37934937","-0.19241279"
"2.1275","-0.06113916","-0.07017701","-0.22853635","-0.23845771"," 0.29970550","-0.25050563"," 0.21911832","-0.22853635","-0.08169711","-0.05831268","-0.22481871"," 0.19135074"," 0.27706306","-0.24775947","-0.10546402"," 0.11439707","-0.23569625","-0.08511642","-0.21980065","-0.23214690"," 0.12537406","-0.04031348","-0.23569625","-0.22481871"," 0.19135074"," 0.03117848"," 0.10162245"," 0.74949437","-0.14867588","-0.09300303","-0.04442507","-0.18391699","-0.18873615","-0.02575653","-0.18391699"," 0.03668610","-0.17149425"," 0.25526207"," 0.46799385","-0.21980065","-0.21980065"," 0.46799385"," 0.23594716","-0.16447968","-0.20942032"," 0.37440258"," 0.46799385"," 0.29970550"," 0.17314500","-0.15736568"
"2.152","-0.068301666","-0.019687101","-0.024981674","-0.048874557"," 0.088886903"," 0.003266732","-0.056612903","-0.026148275","-0.050739195","-0.019687101","-0.023234978","-0.026148275","-0.015773860"," 0.175773027","-0.061727678","-0.026148275","-0.042844449","-0.031500537","-0.039679563","-0.015773860","-0.027776388","-0.054754354","-0.047951532","-0.017212882","-0.003329049","-0.017212882","-0.040961542"," 0.030653008","-0.019687101"," 0.009913793","-0.055592768","-0.049816171"," 0.931698334","-0.033119036"," 0.070073861"," 0.009913793"," 0.014349441","-0.034529212","-0.045772168","-0.047951532","-0.041673040","-0.016493371","-0.006630145","-0.029673717","-0.021517126","-0.047951532","-0.015773860","-0.024981674","-0.006630145","-0.029673717"
"2.1864","-0.2030557870","-0.0330250580"," 0.0697109863","-0.1469955474"," 0.1815179043"," 0.1025005151","-0.2241853236","-0.1403749294","-0.2284766307"," 0.0088577418"," 0.0195188181","-0.0427902456","-0.0330250580"," 0.4417511938"," 0.3773591887","-0.0493526308"," 0.0512892735","-0.2321721719"," 0.2538161278"," 0.0264395589","-0.1469955474","-0.0742762563"," 0.2538161278","-0.0742762563"," 0.0697109863","-0.1114198045","-0.2016447622","-0.2212468084"," 0.0829701400"," 0.0569445714","-0.1283364241","-0.2047602154"," 0.6316124206","-0.1185488394"," 0.1025005151"," 0.1267119090"," 0.0195188181","-0.2332203618","-0.2138042125"," 0.7667796382","-0.0002131319","-0.1238189050","-0.2212468084"," 0.2097607977"," 0.0512892735","-0.2284766307","-0.1336288870","-0.0742762563","-0.2002337374"," 0.1395007212"
"2.2378","-0.042017653","-0.117750450","-0.112968996","-0.003777349","-0.145132396","-0.053004423","-0.120700147","-0.130077991","-0.070468439","-0.124307010","-0.107704109","-0.137422018","-0.156485518","-0.157675216","-0.153165693","-0.156485518","-0.122503579","-0.122503579","-0.097261201","-0.097261201","-0.132918160","-0.117750450","-0.111598010","-0.092056743","-0.114339982"," 0.242018106"," 0.071116995","-0.053004423"," 0.206893679"," 0.109055153"," 0.304373407"," 0.165386425"," 0.060353057"," 0.206893679"," 0.206893679","-0.053004423","-0.029270885","-0.095865666","-0.089643355"," 0.098763318","-0.081602505"," 0.050816586"," 0.842324784"," 0.042507582"," 0.012160832","-0.081602505","-0.009197086","-0.039298342"," 0.165386425"," 0.544881313"
"2.2673","-0.152519014","-0.152519014","-0.278579458","-0.232163258"," 0.132524549","-0.167253104"," 0.022228817"," 0.035436058"," 0.009021576","-0.143949576","-0.237602657"," 0.090307183","-0.263597255","-0.247240889","-0.152519014","-0.152519014","-0.305156168","-0.152519014","-0.167253104","-0.215425180","-0.107381550","-0.143949576","-0.143949576","-0.131448502","-0.215425180","-0.131448502"," 0.208981497","-0.188380872","-0.069840158"," 0.132524549"," 0.694843832","-0.069840158","-0.143949576"," 0.208981497"," 0.009021576"," 0.252095886"," 0.304085084"," 0.035436058"," 0.479310055"," 0.252095886","-0.030561976"," 0.694843832","-0.198782529","-0.069840158"," 0.208981497"," 0.367277533"," 0.413445620"," 0.367277533","-0.183265929","-0.069840158"
"2.2882","-0.176403955","-0.105177963","-0.222804800","-0.149700347","-0.090219849"," 0.061407536","-0.064007342","-0.073747509","-0.143747795","-0.183635415","-0.192348362"," 0.070595214","-0.164065046","-0.152646952","-0.053417980","-0.029814446","-0.227955220","-0.112012449","-0.006036980","-0.112012449","-0.057684419","-0.211918731","-0.064007342","-0.183635415","-0.082034835","-0.057684419"," 0.167035142","-0.140741849"," 0.022958432","-0.049151541"," 0.367015498","-0.064007342"," 0.262922582"," 0.192163136","-0.040148026"," 0.070595214"," 0.192163136"," 0.033926351"," 0.167035142"," 0.004357988"," 0.083998175"," 0.738819762"," 0.321752371","-0.261180238"," 0.011806351","-0.105177963"," 0.128974827"," 0.033926351"," 0.411071336"," 0.234602433"
"2.34675"," 0.29014706","-0.30905648","-0.30283023","-0.16279970"," 0.41765767","-0.05744935"," 0.68734164"," 0.26517944"," 0.12213932"," 0.16827042","-0.08122517"," 0.62175650","-0.08468019","-0.15104541"," 0.09274157"," 0.31511468","-0.16279970"," 0.19083036"," 0.23561316"," 0.26517944"," 0.21562944","-0.21873486"," 0.10203521"," 0.34843694","-0.14053349"," 0.06608858","-0.26823671","-0.19695983"," 0.13790961"," 0.09274157"," 0.52275279"," 0.04858477","-0.16848663","-0.17699536","-0.27550308"," 0.11132885","-0.26823671","-0.17699536","-0.22308313","-0.29821711","-0.19340128","-0.31265836","-0.29276613","-0.26464927","-0.29276613","-0.20596936","-0.28852380"," 0.52275279","-0.09272183","-0.17290713"
"2.383"," 0.227955296"," 0.090044862"," 0.336220905","-0.073779433","-0.380823179","-0.362089453","-0.213978043"," 0.321905723"," 0.030022544","-0.011063156"," 0.227955296","-0.333836694"," 0.005450026","-0.134015916"," 0.077533167","-0.235067574"," 0.321905723"," 0.179655647","-0.167245173"," 0.288541204","-0.049105470"," 0.401766403","-0.032874083","-0.467029882","-0.065663740"," 0.532970118","-0.260857446"," 0.065021473","-0.113343440","-0.338801921","-0.328871468","-0.245144561"," 0.135413844","-0.328871468","-0.157675417","-0.390731089","-0.245144561"," 0.005450026","-0.264949108"," 0.431974819"," 0.135413844"," 0.048846444"," 0.464155799"," 0.321905723"," 0.507664935"," 0.288541204","-0.049105470","-0.245144561","-0.113343440"," 0.162240720"
"2.4149"," 0.049576180"," 0.176627966","-0.131836658"," 0.085254300"," 0.006401338"," 0.049576180","-0.100240523"," 0.063863128","-0.202250901"," 0.006401338","-0.069429386","-0.131836658","-0.131836658","-0.131836658"," 0.106292223","-0.297149204"," 0.006401338","-0.053062195","-0.217440595","-0.131836658","-0.217440595","-0.015971081"," 0.049576180"," 0.006401338","-0.015971081"," 0.702850796"," 0.029637253"," 0.029637253","-0.182194224"," 0.063863128","-0.160528303","-0.035792258","-0.053062195","-0.251580121"," 0.049576180","-0.015971081"," 0.251830692","-0.173637755","-0.035792258"," 0.159004781"," 0.029637253","-0.069429386"," 0.361612541"," 0.159004781"," 0.491215568","-0.015971081","-0.035792258","-0.149263594"," 0.128703891","-0.035792258"
"2.4547"," 0.290105083"," 0.094177330","-0.100249243","-0.074895990","-0.134278957","-0.062392118","-0.089434198","-0.083092906","-0.077424762","-0.086232278","-0.077424762","-0.127264517","-0.044234994"," 0.103380990","-0.147310029","-0.021893035"," 0.245233517"," 0.128906998","-0.062392118","-0.092636119","-0.131589344","-0.044234994","-0.039540830"," 0.178559106","-0.104651512"," 0.193690042","-0.077424762"," 0.193690042"," 0.236729812","-0.136968571","-0.109488646","-0.214297186","-0.107070079"," 0.152437391"," 0.024300998","-0.182927300","-0.198064193","-0.124193652","-0.102450378","-0.017517573","-0.017517573","-0.121122787"," 0.067936474"," 0.002587509"," 0.136427789"," 0.103380990"," 0.785702814","-0.206350466"," 0.002587509"," 0.276731479"
"2.47135"," 0.010412060"," 0.142461674"," 0.163980502"," 0.082783013","-0.111599859"," 0.163980502"," 0.135543131","-0.242126399"," 0.109494897"," 0.082783013","-0.137402543","-0.008893498"," 0.149380218","-0.091312101","-0.117987484","-0.023679603"," 0.172359074"," 0.023253673"," 0.180737646","-0.143740394"," 0.032976135"," 0.303048207"," 0.219295669"," 0.163980502"," 0.109494897","-0.132219442","-0.202373807"," 0.750845556","-0.177248046","-0.126226689","-0.093764285","-0.206989488","-0.209514673","-0.079263548","-0.209514673","-0.068701570","-0.060021038","-0.249154444","-0.220388567","-0.018450047","-0.036965862","-0.108633347"," 0.109494897","-0.060021038"," 0.109494897"," 0.125289749"," 0.047443689","-0.204464302"," 0.135543131","-0.183419984"
"2.5304"," 0.582505521","-0.049252043"," 0.095881236"," 0.463852811"," 0.095881236"," 0.009970747"," 0.077829199"," 0.402574670"," 0.347590045"," 0.402574670"," 0.463852811"," 0.147376544","-0.087204340"," 0.009970747","-0.042639867","-0.137186017"," 0.677529659"," 0.256294218"," 0.347590045","-0.072275162","-0.112513838"," 0.077829199"," 0.147376544"," 0.463852811","-0.072275162","-0.312980673","-0.055864219","-0.195914886","-0.087204340","-0.296579290","-0.266864331","-0.195914886"," 0.095881236","-0.246486083","-0.042639867","-0.271532686","-0.210971528","-0.254595956","-0.210971528","-0.236575785","-0.271532686","-0.154823797","-0.322470341","-0.322470341","-0.042639867","-0.055864219","-0.291557223","-0.263390947"," 0.212892851","-0.195914886"
"2.56195"," 0.745539200","-0.004747513"," 0.124183966"," 0.220191744"," 0.071945598"," 0.011424403"," 0.071945598"," 0.220191744"," 0.290728216"," 0.456678278"," 0.456678278"," 0.096650903","-0.103389760"," 0.054628261","-0.004747513","-0.049261447"," 0.745539200"," 0.177496166"," 0.290728216","-0.018012923","-0.103389760"," 0.071945598"," 0.071945598"," 0.456678278"," 0.011424403","-0.238483605","-0.172258212","-0.157697045","-0.069843235","-0.212118156","-0.190527681","-0.137129574","-0.193391234","-0.180515984","-0.004747513","-0.184220705","-0.160302878","-0.190527681","-0.227582059","-0.153795454","-0.215231554","-0.223543017","-0.224857388","-0.230951029","-0.194980506","-0.004747513","-0.249491104","-0.254460800","-0.168177649","-0.123413155"
"2.6188","-0.142320035","-0.088934320","-0.177359575","-0.038943220","-0.079259033"," 0.249344725","-0.079259033"," 0.174129224","-0.027119282","-0.044772548","-0.157309736"," 0.210802502","-0.130890228"," 0.822640425"," 0.122955730","-0.060073741","-0.027119282","-0.088934320"," 0.167428993","-0.084096677","-0.088934320","-0.088934320","-0.177359575"," 0.017646401"," 0.167428993"," 0.286253210","-0.139230554"," 0.257062069","-0.084096677","-0.088934320","-0.084096677","-0.151410481"," 0.037073258","-0.084096677","-0.139230554"," 0.092963613","-0.119237928","-0.109766064","-0.151410481"," 0.471037201","-0.050601877","-0.124838406","-0.151410481","-0.151410481"," 0.241627381","-0.001475322"," 0.128117578","-0.161899458"," 0.059144608","-0.130890228"
"2.6713"," 0.731060254"," 0.040923239"," 0.231956420"," 0.344031734"," 0.173700679"," 0.091388392"," 0.173700679"," 0.113807425"," 0.403220362"," 0.403220362"," 0.501004658","-0.240909504","-0.053595957"," 0.231956420","-0.033171713","-0.053595957"," 0.731060254"," 0.270125344","-0.268939746"," 0.040923239","-0.088881867"," 0.173700679"," 0.140841265"," 0.501004658","-0.256793374","-0.256038133","-0.166157562","-0.180696687"," 0.029678988","-0.211926528","-0.180696687","-0.129298649","-0.219659556","-0.166157562"," 0.051631578","-0.194630428","-0.170127289","-0.209582405","-0.240909504","-0.150209185","-0.210754466","-0.231197567","-0.217525828","-0.224468880","-0.187931514"," 0.001146576","-0.250654191","-0.267302233","-0.232638578","-0.085631653"
"2.7019"," 0.58335133","-0.05131660"," 0.14035867"," 0.18734992"," 0.11773749"," 0.05020084"," 0.05020084"," 0.02570819"," 0.28898179"," 0.37042784"," 0.52048930"," 0.46408345","-0.05577056"," 0.14035867","-0.06022451","-0.08415327"," 0.37042784"," 0.28898179"," 0.70507094","-0.06022451","-0.06617401"," 0.14035867"," 0.20586856"," 0.42454542"," 0.28898179","-0.26465035","-0.20669992","-0.20863024","-0.01326595","-0.25017705","-0.23600612","-0.17104214","-0.24467212","-0.15912680","-0.05131660","-0.20863024","-0.21633681","-0.23600612","-0.27434281","-0.18687697","-0.25017705","-0.25829387","-0.25017705","-0.17972122","-0.21978229","-0.01326595","-0.29492906","-0.29005832","-0.16625312","-0.13518169"
"2.72625","-0.18265251"," 0.02085859","-0.18265251"," 0.33262061","-0.18265251","-0.22330357"," 0.14730456"," 0.14730456","-0.16459337","-0.22330357","-0.22330357"," 0.33262061","-0.14281687","-0.19746596","-0.11634772","-0.19746596"," 0.14730456","-0.25534475"," 0.33262061","-0.11634772","-0.03867502"," 0.65519094","-0.11634772","-0.26640888","-0.06942113","-0.21467771","-0.03867502","-0.19746596","-0.03867502"," 0.33262061"," 0.06853664","-0.19746596"," 0.02085859","-0.23236112","-0.09700949"," 0.33262061"," 0.06853664"," 0.14730456"," 0.06853664"," 0.33262061"," 0.33262061"," 0.06853664","-0.34480906"," 0.14730456","-0.06942113","-0.03867502","-0.06942113","-0.03867502"," 0.65519094","-0.21467771"
"2.7571","-0.324636837","-0.456844028"," 0.043553860"," 0.397565290","-0.253523475","-0.154955871","-0.412859365","-0.177743977","-0.442339217","-0.365944802","-0.046224047","-0.383017796"," 0.097955943"," 0.344573899"," 0.293590031","-0.383017796","-0.456844028","-0.139058453","-0.399801418","-0.253523475","-0.008858786","-0.253523475","-0.096213195"," 0.043553860","-0.324636837","-0.154955871","-0.324636837"," 0.344573899"," 0.524093540","-0.154955871","-0.123161036"," 0.363726760"," 0.438981770","-0.123161036"," 0.438981770"," 0.344573899"," 0.344573899"," 0.043553860"," 0.043553860"," 0.293590031"," 0.216020039"," 0.153226145","-0.029404254","-0.365944802"," 0.216020039"," 0.312236490"," 0.011686682"," 0.232351516"," 0.543155972"," 0.524093540"
"2.7833","-0.042007422","-0.110107306"," 0.016894776"," 0.644874774","-0.238938354"," 0.064310438","-0.182187569","-0.182187569","-0.207401918","-0.090326994","-0.138133821","-0.155937160","-0.207401918","-0.130458510","-0.147680386","-0.082514246","-0.042007422","-0.160985315","-0.147680386"," 0.004060303","-0.119558722","-0.155937160","-0.119558722","-0.147680386","-0.182187569","-0.155937160"," 0.156181586"," 0.079534195"," 0.099991119"," 0.107735149"," 0.262536447"," 0.004060303"," 0.262536447"," 0.064310438","-0.069003161"," 0.016894776"," 0.458383744","-0.098911501","-0.015328844"," 0.004060303"," 0.761061646"," 0.079534195","-0.110107306"," 0.278870270"," 0.033556333"," 0.099991119","-0.119558722","-0.037519585"," 0.064310438"," 0.033556333"
"2.8333","-0.097125397","-0.137331169"," 0.396690503"," 0.582213507","-0.213346346","-0.153803860","-0.124087344","-0.062246342","-0.153803860","-0.213346346","-0.088971141","-0.311270386","-0.114683498","-0.346641979","-0.240782590","-0.054840016","-0.124087344","-0.088971141","-0.124087344","-0.145567514","-0.185472290","-0.124087344","-0.062246342","-0.088971141","-0.417786493"," 0.074570032","-0.048099529","-0.018045532"," 0.492142727"," 0.036279689"," 0.396690503"," 0.238257142"," 0.473672516"," 0.300280565"," 0.020792076"," 0.001564814","-0.069652669","-0.168051005","-0.048099529"," 0.396690503"," 0.063798023"," 0.273555766"," 0.108026196"," 0.011178445","-0.041359043","-0.029702288","-0.041359043"," 0.011178445"," 0.130172206"," 0.130172206"
"2.87505"," 0.028762417","-0.036724684","-0.067066786","-0.023688253"," 0.042750147","-0.052056495","-0.009667377","-0.023688253","-0.084574650","-0.105257928","-0.019664294","-0.105257928","-0.069766551"," 0.024005927"," 0.014857554"," 0.018470498","-0.050831740","-0.046595645"," 0.006388680"," 0.069383181","-0.096835459"," 0.036120891","-0.077017299"," 0.036120891","-0.071263105"," 0.894742072"," 0.049462268"," 0.057351082","-0.053281249","-0.096835459","-0.093752855"," 0.115738250","-0.071263105"," 0.049462268","-0.060964557"," 0.146133387","-0.068269996","-0.019664294","-0.023688253"," 0.094491486"," 0.011244610"," 0.011244610","-0.099874972","-0.071263105"," 0.127786922","-0.077017299","-0.029767280","-0.019664294","-0.055972727","-0.053281249"
"2.9053","-0.126210515"," 0.044337463","-0.178909683","-0.018337745","-0.066761468","-0.163953456","-0.096063145","-0.073119822","-0.055188010","-0.035173289"," 0.025841856","-0.096063145","-0.055188010","-0.137580380","-0.096063145"," 0.677792429","-0.035173289","-0.066761468"," 0.272251578","-0.066761468"," 0.025841856","-0.018337745"," 0.104412948","-0.066761468","-0.055188010"," 0.025841856","-0.087770661"," 0.035089659"," 0.255181119"," 0.044337463"," 0.173587459","-0.087770661","-0.001831081"," 0.298405400"," 0.082565894"," 0.073059684"," 0.238110660","-0.178909683","-0.079478176","-0.079478176","-0.066761468","-0.137580380","-0.322207571","-0.096063145","-0.066761468"," 0.073059684","-0.178909683"," 0.058698573"," 0.309642147"," 0.073059684"
"2.93095","-0.25651711"," 0.18104495","-0.01045884"," 0.35282194"," 0.12994175"," 0.27834690","-0.11445143","-0.24495229"," 0.15682543","-0.10931083","-0.08389244","-0.36732144","-0.08389244","-0.11959202","-0.31765930","-0.22455945"," 0.21997784"," 0.63267856","-0.09819407","-0.34002604","-0.01045884"," 0.07914130"," 0.27834690","-0.21576776"," 0.10245259","-0.05433251"," 0.47522137"," 0.20556722"," 0.12994175"," 0.02476846","-0.21576776"," 0.49172092","-0.08389244","-0.19245647"," 0.06594166","-0.09104326","-0.16532454","-0.01045884","-0.20328259","-0.14537371"," 0.30498837","-0.08389244","-0.25651711","-0.06168314"," 0.02476846","-0.01045884","-0.33447371","-0.12597387"," 0.50794800","-0.01045884"
"3.0195"," 0.231575006","-0.053151313","-0.055513233","-0.047055520","-0.028406154"," 0.016122332","-0.047055520","-0.024046302","-0.055513233","-0.053151313","-0.028406154","-0.047055520"," 0.011072504","-0.048269479","-0.007371869","-0.072868642"," 0.093719694"," 0.041911455","-0.049483438","-0.035205923"," 0.011072504"," 0.011072504"," 0.002502795"," 0.032821764"," 0.071740441","-0.072868642","-0.017836514","-0.031336055","-0.081660344","-0.067338830","-0.053151313","-0.005346938","-0.095451875","-0.047055520","-0.095451875","-0.009396801","-0.024046302","-0.066599856","-0.045479574","-0.105367538","-0.047055520","-0.064582924","-0.053151313"," 0.894632462","-0.101481670"," 0.357230734"," 0.145337939","-0.009396801","-0.089486077","-0.084716240"
"3.0477"," 0.02"," 0.02"," 0.02"," 0.02"," 0.02"," 0.02"," 0.02"," 0.02"," 0.02"," 0.02"," 0.02"," 0.02"," 0.02"," 0.02"," 0.02"," 0.02"," 0.02"," 0.02"," 0.02"," 0.02"," 0.02"," 0.02"," 0.02"," 0.02"," 0.02"," 0.02"," 0.02"," 0.02"," 0.02"," 0.02"," 0.02"," 0.02"," 0.02"," 0.02"," 0.02"," 0.02"," 0.02"," 0.02"," 0.02"," 0.02"," 0.02"," 0.02","-0.98"," 0.02"," 0.02"," 0.02"," 0.02"," 0.02"," 0.02"," 0.02"
"3.1338","-0.280883029"," 0.467828993"," 0.233788013"," 0.177420975","-0.422449748","-0.259541340"," 0.577550252","-0.284383373"," 0.328499974","-0.007620670"," 0.089008537","-0.193319657"," 0.233788013","-0.007620670"," 0.123546358"," 0.089008537"," 0.438276012"," 0.177420975","-0.164204904"," 0.290593278","-0.122135045"," 0.438276012"," 0.290593278","-0.164204904","-0.269220694","-0.203919289"," 0.089008537"," 0.021987089"," 0.058770826","-0.077161928","-0.063330366","-0.373014924","-0.373014924","-0.031504080","-0.089213190"," 0.407244013","-0.039611292","-0.414909492","-0.063330366"," 0.123546358","-0.400919073","-0.421351439","-0.156344195"," 0.007306461","-0.094923844"," 0.407244013","-0.274994344","-0.193319657"," 0.407244013","-0.031504080"
"3.1607","-0.01654974"," 0.35380193"," 0.03720978"," 0.07857189","-0.24602342"," 0.07857189"," 0.07857189"," 0.35380193","-0.16826378","-0.01654974"," 0.07857189","-0.26232892"," 0.30856914","-0.11969322"," 0.03720978"," 0.35380193","-0.08121076","-0.04242911","-0.30952510"," 0.55987386"," 0.03720978"," 0.19572089","-0.10417309"," 0.19572089","-0.08121076","-0.33177687"," 0.24665687","-0.19230130","-0.29350009"," 0.01033002","-0.23583249","-0.21513273","-0.10417309","-0.25282985","-0.31975344","-0.11969322","-0.22580984","-0.32420379","-0.21513273"," 0.24665687"," 0.24665687"," 0.24665687","-0.44012614"," 0.30856914"," 0.07857189"," 0.11883075"," 0.05839570","-0.13895316"," 0.49024827"," 0.05839570"
"3.1967","-0.088991097"," 0.031918446","-0.078806626","-0.030995829","-0.108572344"," 0.012732681","-0.006992378"," 0.044488881","-0.062124488","-0.020432219","-0.020432219","-0.059411680","-0.020432219","-0.014375793","-0.020432219","-0.014375793","-0.014375793","-0.059411680","-0.065490986","-0.034698976","-0.027469179"," 0.001910863","-0.006992378","-0.027469179","-0.027469179"," 0.044488881"," 0.891427656","-0.076283387"," 0.088321981","-0.068553517","-0.093942789","-0.034698976","-0.034698976","-0.027469179"," 0.120525958","-0.014375793","-0.062124488","-0.027469179"," 0.012732681","-0.048619279","-0.020432219","-0.006992378","-0.048619279","-0.014375793"," 0.012732681"," 0.031918446"," 0.068828982","-0.006992378"," 0.012732681"," 0.020639046"
"3.2292","-0.169803978","-0.048730593","-0.195560849","-0.138679896","-0.179464960","-0.077650311","-0.114674734","-0.033828856","-0.112059386","-0.128487941"," 0.057679597","-0.023884784","-0.114674734","-0.086710625","-0.205525038"," 0.057679597","-0.003227843"," 0.004912788","-0.003227843","-0.142099967","-0.100189728","-0.163554445","-0.048730593"," 0.077251599","-0.094642890"," 0.338003268","-0.003227843"," 0.118421781"," 0.224357760","-0.118324726","-0.091416815","-0.048730593","-0.122578259"," 0.504559285"," 0.267209236","-0.133463569"," 0.118421781","-0.118324726"," 0.077251599","-0.172068697"," 0.170850894","-0.136459724"," 0.004912788","-0.086710625","-0.138679896","-0.165623732"," 0.794474962","-0.023884784"," 0.224357760"," 0.504559285"
"3.25475","-0.085244965","-0.050958878","-0.082900995","-0.031479543","-0.079222823"," 0.076333500","-0.057163393","-0.050958878"," 0.153793949","-0.067514489","-0.082900995","-0.083762946","-0.055092021","-0.082900995","-0.077424051","-0.064857605","-0.043065015"," 0.153793949","-0.043065015","-0.064857605","-0.047401648","-0.055092021","-0.059338428","-0.097220139"," 0.001468504","-0.020210823","-0.031479543"," 0.153793949"," 0.076333500","-0.050958878"," 0.076333500"," 0.031832616","-0.081643582","-0.050958878"," 0.076333500","-0.057163393"," 0.076333500"," 0.153793949"," 0.076333500","-0.059338428","-0.067514489"," 0.076333500"," 0.902779861","-0.026835755","-0.081643582","-0.071495975","-0.012827604","-0.095528872","-0.047401648"," 0.031832616"
"3.3021","-0.278354241"," 0.029124566"," 0.046482264","-0.105568011","-0.186307496"," 0.152278831","-0.100602518","-0.059134914","-0.059134914","-0.166302014","-0.149331797","-0.171841552","-0.066877351","-0.211988852"," 0.046482264","-0.145970043"," 0.046482264","-0.251621664"," 0.721645759"," 0.125560606","-0.095637025","-0.105568011"," 0.098842380","-0.222658921"," 0.029124566","-0.135217456"," 0.721645759","-0.014179983"," 0.029124566"," 0.152278831","-0.243625929"," 0.005366262"," 0.432111612","-0.206567711","-0.158380187","-0.120450138"," 0.152278831","-0.066877351"," 0.046482264","-0.066877351"," 0.721645759"," 0.046482264","-0.135217456"," 0.005366262"," 0.265774782","-0.205071605","-0.186307496","-0.166302014"," 0.432111612","-0.224718309"
"3.3613","-0.007275966","-0.266999592"," 0.002871797"," 0.300881062","-0.187019454"," 0.264368819","-0.160182069"," 0.200684215"," 0.200684215","-0.227098193","-0.202487404","-0.312457631","-0.344242790","-0.327842822","-0.304958138","-0.296686233","-0.272788743","-0.050586225","-0.025738984"," 0.029374208","-0.314575853","-0.253699126","-0.247925738","-0.098802879","-0.098802879","-0.087551670"," 0.345393290","-0.187019454"," 0.399068061"," 0.345393290"," 0.655757210"," 0.345393290"," 0.264368819"," 0.121709002"," 0.399068061","-0.253699126","-0.143118063","-0.120103330"," 0.221945257","-0.050586225"," 0.511974242","-0.160182069","-0.148950564"," 0.121709002"," 0.053571205","-0.170132788"," 0.399068061"," 0.221945257","-0.137285562"," 0.053571205"
"3.40975","-0.031381627","-0.118708956","-0.118708956","-0.118708956","-0.046005688","-0.073617276"," 0.077898594"," 0.010470583","-0.118023113","-0.121315948","-0.046005688"," 0.005479942","-0.097983465","-0.120211089","-0.093900033","-0.006043005","-0.118708956","-0.023090245","-0.115467509","-0.092158744","-0.073617276","-0.118708956","-0.093900033","-0.029227251","-0.084278472"," 0.180261095","-0.083506652"," 0.493287953"," 0.010470583","-0.101268394"," 0.054526581","-0.082734832","-0.075710381"," 0.552226933","-0.057991133","-0.108391669"," 0.005479942"," 0.264034691"," 0.030571503","-0.063817831"," 0.105539829","-0.023090245"," 0.878684052"," 0.202121092","-0.115467509","-0.048851836","-0.116384602","-0.114534605","-0.078496246"," 0.058963805"
"3.4349","-0.077095273"," 0.114275913","-0.073012800"," 0.114275913","-0.079215828","-0.111720214"," 0.038958979","-0.071496037","-0.003215784"," 0.015335025","-0.059981909"," 0.063068556","-0.048786673","-0.073012800","-0.053267358","-0.003215784"," 0.038958979","-0.085017408","-0.003215784","-0.117530211"," 0.063068556"," 0.063068556"," 0.026507598","-0.063957545","-0.035810819","-0.025347256"," 0.082376938"," 0.082376938","-0.032317569"," 0.038958979"," 0.026507598","-0.122123559","-0.118889308"," 0.114275913","-0.080669461"," 0.038958979","-0.112652610"," 0.015335025","-0.019348190","-0.109993013"," 0.007503540","-0.114536181"," 0.877876441"," 0.038958979"," 0.015335025","-0.063957545"," 0.082376938","-0.099511644","-0.059981909","-0.039478894"
"3.4525"," 0.015167100","-0.189655504","-0.181475945","-0.189655504","-0.073853194"," 0.204435887","-0.019713946"," 0.094627318"," 0.135913384","-0.200791669"," 0.106131621","-0.200791669","-0.026507236","-0.060519707"," 0.043030521","-0.036671288","-0.186986505","-0.189655504","-0.169896864"," 0.307744524","-0.191732030","-0.189655504","-0.181475945"," 0.051457423"," 0.140356921"," 0.158677523","-0.141377698","-0.169896864","-0.110500150","-0.065190454","-0.026507236","-0.141377698"," 0.006884002","-0.009164500"," 0.106131621","-0.124219030"," 0.140356921"," 0.227559535"," 0.799208331"," 0.402712542","-0.169896864"," 0.140356921","-0.169896864"," 0.051457423","-0.166393804","-0.019713946"," 0.375763713"," 0.073603205","-0.130753474"," 0.152350156"
"3.4987","-0.093042624","-0.117793940","-0.009888944","-0.068496627","-0.153103325","-0.038146455","-0.048741376","-0.058362354","-0.114429888","-0.027814761","-0.022326460","-0.058362354","-0.121876604","-0.136075115"," 0.024054288","-0.077446374","-0.046109097","-0.048741376","-0.121876604","-0.108825767","-0.117793940","-0.043476819","-0.009888944","-0.038146455","-0.104174531"," 0.079911240"," 0.020467809"," 0.841297819","-0.040811637","-0.124664187"," 0.079911240"," 0.079911240","-0.093042624"," 0.327806075","-0.104174531","-0.151879315"," 0.063314723"," 0.116723655","-0.085103672"," 0.111261677"," 0.054694011"," 0.178397943"," 0.841297819","-0.048741376"," 0.038623950"," 0.043704248","-0.114429888","-0.158702181","-0.156741134","-0.038146455"
"3.5276","-0.090747954","-0.045006712","-0.154451203","-0.108484967","-0.114274807","-0.083720648","-0.060561285","-0.069771031","-0.141919047","-0.118557190","-0.072883446","-0.004567824","-0.100205194","-0.180415489"," 0.003524453","-0.060561285","-0.105117559","-0.129394392"," 0.033568627","-0.075995860"," 0.050510661","-0.069771031","-0.158021104","-0.105117559","-0.034626998"," 0.050510661"," 0.343115114"," 0.095771916"," 0.113913917","-0.129394392"," 0.050510661"," 0.095771916"," 0.033568627"," 0.168639912","-0.152133766","-0.158021104"," 0.033568627"," 0.269219646","-0.004567824"," 0.343115114"," 0.343115114","-0.013065091"," 0.819584511","-0.060561285","-0.004567824"," 0.050510661","-0.133204287","-0.013065091","-0.075995860","-0.069771031"
"3.569"," 0.07195177"," 0.32860826"," 0.02561468","-0.18656939","-0.15462136","-0.08893830"," 0.32860826"," 0.02561468","-0.06212588","-0.03224452","-0.08893830","-0.13345733","-0.17217258"," 0.32860826","-0.15462136"," 0.02561468"," 0.02561468","-0.15462136","-0.03224452","-0.06212588","-0.08893830"," 0.07195177"," 0.14850430"," 0.02561468"," 0.64210615","-0.26968712","-0.08893830"," 0.32860826"," 0.14850430","-0.06212588","-0.13345733"," 0.07195177"," 0.14850430","-0.08893830","-0.28567668","-0.31075651","-0.15462136","-0.06212588"," 0.02561468"," 0.02561468"," 0.07195177","-0.03224452","-0.15462136","-0.18656939"," 0.64210615"," 0.32860826","-0.33816718","-0.35789385"," 0.07195177"," 0.02561468"
"3.59605"," 0.4789971698","-0.0003127576"," 0.0972150396","-0.0114662025","-0.2382586792","-0.0282338362","-0.2136807521","-0.0323839552","-0.2280851236","-0.0240001383","-0.2136807521","-0.2425701918","-0.0365340742"," 0.0206972200"," 0.0449927085","-0.0752858106","-0.2252837932","-0.0699944089","-0.2101704431","-0.0282338362"," 0.3601135519"," 0.0385946083"," 0.0344588994","-0.2215025737"," 0.0513908086"," 0.1528958032","-0.1798169336"," 0.0629189170"," 0.7574298082"," 0.4137192560"," 0.3601135519","-0.1798169336"," 0.2107957277"," 0.1950886800","-0.1798169336","-0.1628302659","-0.1798169336","-0.2308057571","-0.2024811948"," 0.2426997677","-0.2101704431","-0.0197664405"," 0.2107957277","-0.1679083977","-0.1980947495","-0.2252837932"," 0.0513908086","-0.1851025713"," 0.0883095758"," 0.5487710460"
"3.8933"," 0.36302324","-0.20114020","-0.02976503","-0.20114020"," 0.02622313","-0.20640533","-0.09372620"," 0.32966953","-0.19920305"," 0.06630959","-0.18945828","-0.01581229"," 0.23786194","-0.06595359"," 0.25459047","-0.11268126","-0.03592196","-0.11088881","-0.18945828","-0.08588608","-0.07512253"," 0.30231034","-0.18945828","-0.19779744"," 0.12622520","-0.14457030"," 0.05663864","-0.19339753","-0.15737139"," 0.05663864"," 0.11397041","-0.17510098","-0.17510098"," 0.70553734","-0.17510098","-0.16470360","-0.17174641"," 0.09876265","-0.18721107","-0.19339753","-0.18945828","-0.20533931"," 0.79359467","-0.16914485","-0.18535071"," 0.79359467","-0.18721107"," 0.17497861","-0.16470360"," 0.53879832"
"3.9128"," 0.052446326"," 0.163352758","-0.114011445","-0.083069637","-0.070810662","-0.046475878"," 0.319108457"," 0.198991441","-0.150487455","-0.046475878","-0.051905414"," 0.081386402","-0.070810662"," 0.081386402","-0.099567574"," 0.081386402","-0.046475878"," 0.052446326","-0.184700067"," 0.163352758","-0.114011445"," 0.133797770","-0.083069637"," 0.067269611"," 0.109554569","-0.157133729","-0.003275096"," 0.319108457","-0.291466969","-0.099567574","-0.250872363"," 0.133797770"," 0.081386402"," 0.242309973"," 0.319108457","-0.293366652","-0.308205637"," 0.109554569","-0.322565776","-0.326205527","-0.124111689"," 0.109554569"," 0.273958275","-0.108137081","-0.057334949","-0.083069637","-0.230595993","-0.083069637"," 0.673794473"," 0.133797770"
"3.9489","-0.085248758"," 0.670905558"," 0.173146340","-0.039257878"," 0.670905558","-0.221474215"," 0.049221681"," 0.354767225","-0.009124841","-0.132532397","-0.232317721"," 0.670905558","-0.039257878"," 0.049221681","-0.039257878"," 0.095949042","-0.085248758","-0.181618064","-0.085248758"," 0.173146340","-0.111190122","-0.024191360","-0.150231443","-0.164749518","-0.009124841","-0.232317721","-0.039257878","-0.009124841","-0.039257878","-0.248567310","-0.150231443","-0.221474215","-0.039257878","-0.111190122","-0.190071924","-0.085248758"," 0.173146340","-0.198948869","-0.009124841","-0.009124841","-0.039257878","-0.329094442","-0.181618064"," 0.049221681"," 0.354767225"," 0.670905558","-0.150231443","-0.111190122","-0.066296128","-0.085248758"
"3.9857","-0.09510005"," 0.05518487"," 0.29492373","-0.13668459"," 0.05518487"," 0.05518487"," 0.05518487","-0.27887032"," 0.29492373"," 0.12669141"," 0.05518487","-0.04214327"," 0.58775725"," 0.58775725"," 0.12669141"," 0.29492373","-0.18629574"," 0.12669141"," 0.05518487"," 0.29492373"," 0.29492373"," 0.12669141"," 0.05518487"," 0.05518487"," 0.12669141","-0.32790089"," 0.01190212","-0.17284789","-0.15645357"," 0.12669141","-0.20975145","-0.41224275","-0.09510005","-0.32394564"," 0.01190212"," 0.12669141","-0.11265555","-0.04214327","-0.15645357","-0.23883886","-0.20192078","-0.20975145","-0.31030910","-0.21797401","-0.04214327"," 0.12669141","-0.15645357"," 0.01190212","-0.07005498"," 0.05518487"
"4.01605","-0.069670650"," 0.344910214"," 0.013177442","-0.109888268","-0.025037805","-0.013984718","-0.108216288","-0.123944911","-0.007672244","-0.109888268"," 0.073558934","-0.038483725"," 0.187213501"," 0.032790664"," 0.214485791","-0.043850078"," 0.073558934","-0.032766956","-0.103670906","-0.095220902"," 0.113686445"," 0.809910774","-0.105107607","-0.043850078"," 0.214485791","-0.109888268","-0.086400458"," 0.026643386","-0.049306539","-0.151753837","-0.135356422","-0.083306795"," 0.247635040","-0.126886393","-0.032766956","-0.074726636","-0.177682536","-0.121061497","-0.091166101","-0.020542482","-0.051128696","-0.109888268","-0.190089226"," 0.479179188","-0.001359770"," 0.059702528","-0.091166101","-0.052950854","-0.049306539","-0.052950854"
"4.0615"," 0.1020246","-0.8979754"," 0.1020246"," 0.1020246"," 0.1020246"," 0.1020246"," 0.1020246"," 0.1020246"," 0.1020246"," 0.1020246"," 0.1020246"," 0.1020246"," 0.1020246"," 0.1020246"," 0.1020246"," 0.1020246"," 0.1020246"," 0.1020246"," 0.1020246"," 0.1020246"," 0.1020246"," 0.1020246"," 0.1020246"," 0.1020246"," 0.1020246"," 0.1020246","-0.8048140"," 0.1020246","-0.4527736"," 0.1020246"," 0.1020246","-0.7082247","-0.8511585"," 0.1020246"," 0.1020246"," 0.1020246"," 0.1020246"," 0.1020246"," 0.1020246"," 0.1020246"," 0.1020246"," 0.1020246","-0.7741382"," 0.1020246"," 0.1020246"," 0.1020246"," 0.1020246"," 0.1020246"," 0.1020246"," 0.1020246"
"4.1033","-0.15398193","-0.20052103","-0.03383125","-0.04403992","-0.26610750","-0.08032359","-0.03383125","-0.05103793","-0.21899017","-0.25922327","-0.06307015","-0.22277439","-0.23503416","-0.11163540","-0.18652501","-0.16029417","-0.15027252","-0.10240862","-0.09449105","-0.03383125"," 0.04855512","-0.21183318","-0.20958883"," 0.24417209","-0.22563282","-0.07196962"," 0.21529166","-0.03383125"," 0.16491846"," 0.24417209"," 0.04855512"," 0.02941580"," 0.32183597","-0.01417759","-0.12051929"," 0.10245071"," 0.21529166","-0.04403992"," 0.14725979"," 0.41114242"," 0.27938034"," 0.02941580","-0.20500973"," 0.16491846"," 0.73389250"," 0.16491846"," 0.01647961"," 0.02941580","-0.09449105"," 0.32183597"
"4.1433","-0.27964459","-0.30462415","-0.32392370","-0.13044760","-0.18880813","-0.17838438"," 0.08269320"," 0.01704540","-0.29539570","-0.36022271","-0.01132344","-0.31931103"," 0.03377334","-0.12301989","-0.26819719","-0.10594866","-0.23262535","-0.12301989","-0.11559219"," 0.14949573","-0.11559219"," 0.14949573","-0.45820911"," 0.05159359","-0.34118219"," 0.38303150"," 0.14949573"," 0.38303150"," 0.23678686","-0.11077042","-0.10594866"," 0.17873841"," 0.27511132"," 0.21088352","-0.41631436","-0.10594866","-0.13044760"," 0.21088352"," 0.21088352"," 0.27511132"," 0.50811655"," 0.03377334"," 0.38303150"," 0.05159359"," 0.08969958"," 0.54179089","-0.04565317"," 0.21088352"," 0.33983846"," 0.03377334"
"4.1671","-0.0716910341","-0.1080434739","-0.0870365312","-0.1855655486","-0.1347366931","-0.1636895243","-0.1080434739","-0.0306703847","-0.1456622898","-0.1855655486","-0.2712520237"," 0.0159123866","-0.1695992789","-0.1855655486","-0.0807294822","-0.2751653738","-0.0115009287","-0.1695992789","-0.1080434739","-0.0807294822","-0.1456622898","-0.0716910341","-0.0448488295"," 0.7248346262","-0.2177960588","-0.1401994915"," 0.0704907083","-0.1456622898"," 0.1471685323","-0.1598531500"," 0.6647686753","-0.0448488295","-0.0448488295","-0.1636895243","-0.2712520237"," 0.1166761852"," 0.0704907083","-0.0581581927"," 0.0472241535"," 0.4128095172"," 0.2330337899"," 0.0704907083","-0.0003518539","-0.0448488295"," 0.5825535603"," 0.0704907083"," 0.3593485861"," 0.0159123866"," 0.5825535603","-0.0581581927"
"6.8579"," 0.087000843","-0.130779224","-0.026804691","-0.072284771","-0.130779224"," 0.043767848","-0.205822527"," 0.005754646"," 0.216360423","-0.156913300","-0.058029821"," 0.372802069","-0.136303310"," 0.715178362"," 0.363298769","-0.180215112","-0.072284771","-0.104048266"," 0.113591358","-0.104048266","-0.104048266","-0.072284771","-0.065157296","-0.017898273"," 0.134213052","-0.161138289"," 0.113591358","-0.189601376","-0.152688310","-0.152688310","-0.141827396","-0.198004541","-0.198004541","-0.141827396","-0.180215112","-0.172092833","-0.161138289","-0.092906465"," 0.794177473"," 0.390099949","-0.198004541","-0.058029821"," 0.005754646"," 0.205183512"," 0.054500023","-0.205822527"," 0.581781050"," 0.169417396","-0.172092833","-0.152688310"
"6.8887","-0.015459066"," 0.005947356","-0.099412824"," 0.059063290","-0.123491476","-0.112002315","-0.071647351","-0.118804356"," 0.216496235"," 0.107692165","-0.056271310","-0.135123537"," 0.069980851","-0.190611612","-0.118804356","-0.028562997","-0.090710213"," 0.048145729"," 0.026653567","-0.178550851","-0.138495977"," 0.069980851"," 0.101240229","-0.178550851"," 0.201134483","-0.162824705","-0.162824705","-0.002169365","-0.160345389","-0.162824705","-0.157001529"," 0.256808328"," 0.048145729","-0.153657669","-0.176164421","-0.171034310","-0.165304020","-0.002169365"," 0.809388388"," 0.649268924","-0.182544906","-0.002169365"," 0.256808328","-0.173599366"," 0.014064076","-0.045489504"," 0.671346976","-0.002169365"," 0.083627803","-0.157001529"
"6.9116","-0.200186801","-0.083297880"," 0.002639341","-0.059451754"," 0.799813199","-0.083297880","-0.034586715"," 0.010835329"," 0.164887741","-0.088741017","-0.018874012"," 0.196295270","-0.071374817"," 0.335010368"," 0.300992993","-0.155587037"," 0.300992993"," 0.019147510","-0.034586715","-0.109932609","-0.155587037"," 0.090399878","-0.018874012","-0.094184155"," 0.010835329","-0.183776948"," 0.027459690"," 0.047766437","-0.183776948","-0.190194308","-0.183776948"," 0.177865468","-0.196164778","-0.176608809"," 0.117713882","-0.196164778","-0.190194308","-0.130167852"," 0.027459690"," 0.134785135","-0.034586715","-0.134511637"," 0.164887741"," 0.134785135"," 0.076957384","-0.026730364"," 0.148746023","-0.196164778"," 0.117713882","-0.176608809"
"6.9765"," 0.44160778","-0.10663116"," 0.31720246","-0.14719930"," 0.41507876","-0.07797708","-0.14719930"," 0.44160778","-0.05754905"," 0.05505189","-0.14411453","-0.06589849","-0.12435830"," 0.12042159","-0.07797708","-0.13461344"," 0.05505189","-0.01416348","-0.15339626","-0.15072280","-0.08450308","-0.14411453","-0.08450308","-0.14719930","-0.12435830","-0.13953537","-0.13953537","-0.14719930","-0.14411453","-0.14719930"," 0.37519612"," 0.22982122"," 0.84660374","-0.13953537","-0.15072280","-0.15072280","-0.14719930","-0.06172377","-0.13953537"," 0.67358245"," 0.17640672","-0.08450308"," 0.37519612","-0.14719930","-0.14411453","-0.07193778","-0.15072280","-0.14719930","-0.14411453","-0.13953537"
"7.0159","-0.093715751","-0.138353491","-0.074012094","-0.133209045","-0.061387424","-0.033544365"," 0.058718904","-0.127462742","-0.133209045","-0.057023960"," 0.086583458"," 0.022800929","-0.150046716","-0.143139688","-0.146363923","-0.080833142","-0.138353491","-0.074012094","-0.122490256"," 0.022800929","-0.138353491","-0.133209045","-0.013611430","-0.052660495","-0.146363923","-0.052660495"," 0.108479594"," 0.108479594","-0.028091826"," 0.239999713","-0.028091826"," 0.849953284","-0.103961653","-0.028091826"," 0.156699817","-0.061387424","-0.067699759"," 0.133356357","-0.001015419"," 0.052406569"," 0.086583458"," 0.065031239","-0.033544365"," 0.146296286"," 0.108479594","-0.022639287"," 0.075807348"," 0.239999713","-0.090233578"," 0.146296286"
"7.0508","-0.090087221"," 0.040749941"," 0.033873969","-0.015771035"," 0.463949084","-0.120290655","-0.102223070","-0.111350681","-0.008144516","-0.124582085"," 0.094995067"," 0.376183593","-0.033057810","-0.123401790","-0.081613311","-0.094457337"," 0.002496293","-0.113523633"," 0.011514953","-0.102223070"," 0.067394333"," 0.011514953","-0.113523633","-0.100122751","-0.020377210","-0.062050686","-0.081613311","-0.100122751","-0.053837047","-0.053837047","-0.053837047"," 0.304458003","-0.097290044"," 0.875417915","-0.084470229","-0.068902447","-0.072873079","-0.113523633","-0.090087221","-0.008144516","-0.100122751","-0.024983385","-0.092272279"," 0.443732757","-0.090087221"," 0.011514953","-0.100122751","-0.104323389","-0.078756393"," 0.148211218"
"7.0978"," 0.05724167","-0.14473512","-0.03653561","-0.14109138"," 0.14694973"," 0.08353334","-0.13090744","-0.13913314","-0.14109138","-0.15105712"," 0.30022692","-0.11997076","-0.15212079","-0.03653561","-0.11233418"," 0.84787921","-0.14473512"," 0.28451737","-0.13717490","-0.13090744","-0.14473512","-0.14109138"," 0.22234465"," 0.11608701","-0.14473512","-0.09470457","-0.11233418"," 0.17017586","-0.08730254","-0.08730254","-0.08730254","-0.12390906","-0.12646186","-0.08249695"," 0.09965744","-0.10087930"," 0.12897648","-0.04612498","-0.02340614","-0.02840810"," 0.52866992","-0.14473512","-0.12193991"," 0.16442660"," 0.18444537","-0.13717490","-0.03653561"," 0.01374585"," 0.12494545"," 0.11608701"
"7.1207","-0.12125778","-0.13922740"," 0.30142556"," 0.11577099"," 0.26695226","-0.14165803"," 0.85834197","-0.03625201","-0.13709942"," 0.47944304","-0.11904468","-0.09597736"," 0.66568871"," 0.66568871"," 0.01451690","-0.13922740","-0.09597736","-0.13709942","-0.13394055"," 0.49138338","-0.13922740"," 0.44669576","-0.13816341","-0.12675270","-0.12864897","-0.10447983"," 0.11577099","-0.12675270","-0.09907948","-0.09907948","-0.09907948","-0.12511179","-0.12675270","-0.09372643","-0.11733756","-0.10901006","-0.10901006","-0.13709942","-0.11904468","-0.13394055","-0.12675270","-0.10447983","-0.12347088","-0.11904468","-0.11904468","-0.02757930","-0.12675270","-0.02757930","-0.11343626","-0.10447983"
"7.1607","-0.0700341911"," 0.1574871487","-0.0749353367","-0.0761560545"," 0.1494464922","-0.0626623710","-0.0736232477","-0.0761560545"," 0.1390027759","-0.0661637114","-0.0442711967"," 0.0293446682"," 0.0073534727"," 0.0826633578","-0.0553051703","-0.0626623710","-0.0056358423","-0.0541922704"," 0.0040860423","-0.0736232477"," 0.0293446682","-0.0431199209","-0.0765672245","-0.0371844545"," 0.1972335756","-0.0635504981","-0.0678595590","-0.0175652527","-0.0614635822","-0.0614635822","-0.0614635822","-0.0715235399"," 0.9234327755","-0.0593949406","-0.0685192583","-0.0653011683","-0.0653011683","-0.0355087086"," 0.1046563807"," 0.0358027773","-0.0230621378","-0.0399073132","-0.0338329627"," 0.0022019703","-0.0304339579","-0.0262820553"," 0.0729140618"," 0.0003178983","-0.0670116352","-0.0635504981"
"7.18685","-0.106740612"," 0.306476747","-0.074201781","-0.068069573","-0.021738290","-0.030499407","-0.041648615","-0.030499407"," 0.185438027","-0.044174316","-0.053353994","-0.101247714"," 0.000511390","-0.123706675"," 0.153013870","-0.014023577","-0.061277988","-0.118443124","-0.116143905","-0.111470927"," 0.876293325","-0.097486397"," 0.143438566","-0.111470927"," 0.399276921","-0.089705746","-0.014023577","-0.039122914","-0.086213913","-0.086213913","-0.086213913","-0.109401056","-0.109401056","-0.086213913","-0.104034299","-0.094757149","-0.097486397","-0.078565138"," 0.143438566"," 0.047960747","-0.006607017"," 0.094765061"," 0.014665065","-0.109401056","-0.016262593"," 0.027221900"," 0.210695041","-0.114154306"," 0.053224297","-0.002444340"
"7.2155"," 0.309626799","-0.011457496","-0.289956641","-0.207875698"," 0.550078047","-0.097719526"," 0.352482947"," 0.231850828"," 0.309626799"," 0.254769382","-0.044209349"," 0.710043359","-0.005770443","-0.011457496","-0.067553754"," 0.190233521","-0.028708354"," 0.288527793"," 0.288527793"," 0.190233521"," 0.067201149","-0.107614767","-0.085315633"," 0.145093261","-0.051309455","-0.195669245","-0.245520971","-0.215076460","-0.215076460"," 0.054270749"," 0.274435979"," 0.110986427","-0.255849806","-0.110475715","-0.158364653","-0.222176566","-0.089396065","-0.218626513","-0.168782529","-0.207875698","-0.276151309","-0.044209349","-0.081235202","-0.239628735","-0.186436010","-0.207875698","-0.142728160"," 0.629750993","-0.242574853","-0.225060742"
"7.2931"," 0.0522978614"," 0.0632782298"," 0.2279837563"," 0.0008292749"," 0.2979193261"," 0.0123843734"," 0.0522978614"," 0.0856322030"," 0.0632782298"," 0.1084096615","-0.0334730331"," 0.5895040685","-0.0919140022"," 0.7518653014"," 0.2860012402","-0.0467976950"," 0.0923928431"," 0.1084096615"," 0.1511967997"," 0.0268282465"," 0.1206907347","-0.1031817357"," 0.0454691612"," 0.0788715630","-0.1031817357","-0.0975478690","-0.1735634774","-0.2215836837"," 0.1962374845","-0.0780448592","-0.0639790980"," 0.1318677213","-0.1973467135","-0.0553883965","-0.1838254333","-0.1317594301","-0.1375142926","-0.2396725551","-0.2010219607","-0.2278527784","-0.2215836837","-0.2481346986"," 0.0788715630","-0.1923858858","-0.2046972080","-0.2340160017","-0.2082665840"," 0.4316045555","-0.1838254333","-0.1735634774"
"7.3257","-0.0816462866"," 0.2105083583","-0.2597854528","-0.2094750764"," 0.6935734706"," 0.0122147609"," 0.3492203628","-0.2597854528"," 0.4090246075"," 0.2848740237","-0.2597854528"," 0.5143388581","-0.0374321135","-0.1336220977"," 0.1591426129"," 0.1149017215"," 0.0316299885","-0.2597854528"," 0.1149017215"," 0.0592833287"," 0.3010830669"," 0.1149017215"," 0.1880205374"," 0.1498580373","-0.0008326283","-0.2781853887","-0.1578688671","-0.2014328972","-0.1242351024"," 0.2358906513","-0.2164307152","-0.0979800148"," 0.0592833287","-0.2014328972","-0.1683913861","-0.1545780750","-0.0708343204"," 0.5143388581","-0.1242351024","-0.1778229117","-0.1857849363","-0.2597854528"," 0.5143388581","-0.0439736202","-0.1242351024","-0.1949670921","-0.1778229117","-0.1647755226","-0.0979800148","-0.3064265294"
"7.3659","-0.24530599","-0.18518175","-0.21861903","-0.24530599"," 0.40641343","-0.19413207"," 0.03323321"," 0.17188790"," 0.03323321","-0.15514696","-0.15514696"," 0.05855371","-0.24530599"," 0.20494257","-0.14107243","-0.16154883","-0.23836437","-0.11295068","-0.21861903","-0.21861903","-0.08461030","-0.18518175","-0.20554201","-0.15514696","-0.23339046","-0.37745360","-0.11295068","-0.30152215","-0.08461030","-0.20026747"," 0.62254640","-0.01093078"," 0.48790910"," 0.25209910"," 0.08942204"," 0.40641343"," 0.30465315"," 0.05855371"," 0.62254640"," 0.05855371","-0.16795069"," 0.62254640","-0.23836437","-0.31151098"," 0.03323321"," 0.12664441"," 0.62254640"," 0.48790910","-0.06569849","-0.23339046"
"7.4135","-0.187563440","-0.148048648"," 0.004742413","-0.269350612"," 0.721595575","-0.278404425","-0.087700523","-0.124553366"," 0.016179227","-0.093980808","-0.181091877"," 0.232562165","-0.278404425"," 0.197813377"," 0.057881758","-0.187563440","-0.093980808","-0.156448929","-0.141282198","-0.220730203","-0.037617636","-0.181091877","-0.184327659","-0.129259596","-0.211345639","-0.250342387","-0.144665423","-0.230553111","-0.064516067"," 0.010460820"," 0.721595575","-0.064516067","-0.203128666"," 0.373151301"," 0.016179227"," 0.197813377"," 0.151508225"," 0.131384213"," 0.254280158","-0.124553366","-0.160732753"," 0.583795907"," 0.151508225"," 0.084919663","-0.064516067","-0.008567330"," 0.329157422"," 0.347049860"," 0.049812229","-0.124553366"
"7.4292","-0.136009068","-0.050167969","-0.250939546","-0.198804949","-0.142297801","-0.198804949"," 0.046768268","-0.010196127"," 0.088303254"," 0.001958120","-0.152306181"," 0.187089744","-0.198804949","-0.228064465","-0.149588223","-0.050167969","-0.252475043","-0.056271677","-0.040725299","-0.171595599"," 0.034178041","-0.117474639","-0.146870265","-0.134203477","-0.134203477","-0.185908474","-0.142297801","-0.178524477","-0.087109224","-0.032218389"," 0.747524957"," 0.001958120"," 0.167162308"," 0.296871414","-0.056271677"," 0.177126026"," 0.296871414"," 0.140344275"," 0.326305321"," 0.046768268","-0.144584033"," 0.696079421","-0.006910333","-0.222147910","-0.072647478"," 0.065313331"," 0.387448735"," 0.411544557","-0.040725299","-0.130298805"
"7.4999","-0.22513859"," 0.38243832","-0.08668113","-0.07879955"," 0.22123025"," 0.43820545"," 0.18361062","-0.07091797"," 0.12244561"," 0.39537007","-0.20107991"," 0.75336921"," 0.04780243"," 0.22123025","-0.24663079","-0.02157532"," 0.22123025","-0.11645230","-0.23812001","-0.10840514"," 0.38243832"," 0.20242044","-0.07091797"," 0.06866543","-0.02157532"," 0.58795543","-0.18869457","-0.21960824"," 0.43820545","-0.18869457","-0.17519985"," 0.25040534"," 0.38243832","-0.16745074","-0.21960824","-0.20771964","-0.19444018","-0.23812001","-0.19444018","-0.24237540","-0.23439448","-0.24663079","-0.21366394","-0.21366394","-0.20107991","-0.23812001","-0.21960824"," 0.36662549","-0.20107991","-0.17519985"
"7.5507","-0.01104715","-0.01104715"," 0.25509846"," 0.04663552"," 0.35428648"," 0.35428648","-0.24962487","-0.26540455"," 0.02228397"," 0.19506017"," 0.19506017"," 0.02228397"," 0.58764457"," 0.12009284"," 0.58764457"," 0.35428648","-0.16667961"," 0.25509846"," 0.08137599"," 0.25509846"," 0.35428648","-0.21864435"," 0.19506017"," 0.08137599"," 0.04663552","-0.31358418","-0.34843538","-0.41235543","-0.36280873"," 0.25509846","-0.19992013"," 0.58764457","-0.21864435","-0.40723949"," 0.12009284"," 0.25509846"," 0.08137599"," 0.19506017","-0.24736488","-0.39979208","-0.27811890","-0.10153746","-0.31358418","-0.16667961","-0.38241883","-0.38988838"," 0.02228397"," 0.35428648","-0.37800958","-0.39170644"
"7.5698"," 0.063503154","-0.041939331"," 0.117026765","-0.059461749"," 0.256817080"," 0.186062821","-0.212905285","-0.223255020","-0.032683734"," 0.050049309"," 0.186062821"," 0.050049309"," 0.460505054"," 0.073455758"," 0.699497215"," 0.204428131","-0.037311533"," 0.256817080","-0.002274802"," 0.221918129"," 0.421294390","-0.180303214"," 0.139460647","-0.059461749"," 0.018165317","-0.169361834","-0.236686172","-0.295892817","-0.230354760"," 0.204428131","-0.083192387"," 0.460505054","-0.182684383","-0.226524467","-0.012891993"," 0.256817080","-0.032683734"," 0.083408361","-0.208553047","-0.297468375","-0.232071341","-0.127233468","-0.194843093","-0.133798296","-0.293766137","-0.300502785","-0.032683734"," 0.286853194","-0.281834359","-0.274501203"
"7.6349"," 0.126237867","-0.029589952"," 0.173957737","-0.029589952"," 0.274889987"," 0.274889987","-0.222078797","-0.237448965","-0.029589952"," 0.109509336"," 0.201316933"," 0.016003786"," 0.467231184"," 0.126237867"," 0.665242069"," 0.323776278","-0.062043007"," 0.323776278"," 0.016003786"," 0.201316933"," 0.410445720","-0.168836887"," 0.142169098","-0.014382196"," 0.109509336","-0.209912592","-0.293056198","-0.332321737","-0.275562849"," 0.274889987","-0.214238682"," 0.410445720","-0.201009411","-0.293056198"," 0.016003786"," 0.274889987","-0.002127403"," 0.046626004","-0.222078797","-0.333691912","-0.300099013","-0.127008177","-0.219952664","-0.237448965","-0.307553766","-0.334757931","-0.002127403"," 0.359492356","-0.323548486","-0.321750132"
"7.6799","-0.183845030","-0.113470511","-0.191101641","-0.065125570"," 0.018430981","-0.065125570","-0.159396581","-0.065125570","-0.146214549","-0.207838926"," 0.146030455","-0.219624832","-0.113470511","-0.262466436"," 0.067392815","-0.359529700","-0.001277131","-0.207838926","-0.176588419","-0.065125570","-0.104744720","-0.057674151","-0.134217601","-0.219624832","-0.374416305"," 0.008576925"," 0.031223396","-0.134217601"," 0.291649702"," 0.079316710"," 0.625583695"," 0.044015812"," 0.130324031"," 0.114617607"," 0.008576925"," 0.205203494"," 0.255610156"," 0.146030455"," 0.102929106"," 0.490273056"," 0.273629929","-0.065125570","-0.311688014"," 0.356991672","-0.113470511","-0.065125570"," 0.255610156"," 0.577530966"," 0.067392815","-0.113470511"
"7.69755","-0.1349219377"," 0.0907656672","-0.1349219377"," 0.0499471073","-0.1255471657","-0.0003921354"," 0.2444462683"," 0.0173360327"," 0.1894014007","-0.0647752973","-0.1051561246"," 0.1129805939","-0.0477037280","-0.0647752973","-0.1420350916"," 0.4674345225","-0.1255471657"," 0.0084719486","-0.1349219377","-0.1255471657"," 0.0412654118","-0.0176096155","-0.1349219377"," 0.2444462683","-0.0477037280"," 0.8579649084","-0.0920606260","-0.1173396805","-0.1051561246","-0.1173396805","-0.1051561246"," 0.3804351791","-0.1255471657","-0.0920606260","-0.1255471657","-0.1255471657","-0.1173396805","-0.1349219377","-0.0920606260"," 0.5231724666","-0.1349219377","-0.1420350916","-0.1173396805","-0.1173396805","-0.1051561246","-0.1349219377","-0.1255471657"," 0.6029674619","-0.1051561246","-0.0920606260"
"7.7714"," 0.10792366","-0.11378088"," 0.06884713","-0.11076249","-0.11076249","-0.06816451","-0.11076249"," 0.88621912"," 0.13320073","-0.08636772","-0.10678441","-0.08636772","-0.08947124","-0.08636772","-0.06816451","-0.11378088"," 0.35008359"," 0.06175005"," 0.02686057","-0.11378088","-0.08099653"," 0.02686057","-0.11378088","-0.11076249","-0.11378088","-0.10330165","-0.10330165","-0.11076249"," 0.19536406","-0.11076249","-0.10330165"," 0.20934153"," 0.41753297","-0.10330165","-0.11378088","-0.11378088","-0.11076249","-0.11378088","-0.10330165"," 0.64025912"," 0.22057922","-0.06098229"," 0.10792366","-0.11076249"," 0.05021825","-0.02181289","-0.11378088","-0.11076249","-0.10678441","-0.10330165"
"7.8313"," 0.07232533","-0.07377089"," 0.03024973","-0.11916523"," 0.43280638"," 0.09989308","-0.21521514","-0.22884132","-0.07377089"," 0.03024973"," 0.03024973"," 0.19602184"," 0.15327246"," 0.00651680"," 0.72203130"," 0.09989308","-0.05791549"," 0.07232533","-0.04248299"," 0.04758889"," 0.72203130","-0.17459463"," 0.72203130","-0.07377089"," 0.43280638","-0.21808230","-0.23094152","-0.27796870","-0.23995014"," 0.04758889","-0.17459463"," 0.72203130","-0.20054244","-0.26452602","-0.04248299"," 0.07232533","-0.05791549"," 0.03024973","-0.20779277","-0.26387875","-0.23371550","-0.17050175","-0.22332204","-0.18234313","-0.26323149","-0.26920522","-0.09437861"," 0.43280638","-0.24958810","-0.25080521"
"7.8463"," 0.160634248"," 0.086052241"," 0.252487259"," 0.017349414","-0.315926740"," 0.427029974","-0.180138227","-0.209589836"," 0.035353484"," 0.219367394"," 0.292424626","-0.318546714"," 0.680039937"," 0.252487259","-0.316514658"," 0.427029974"," 0.005180539"," 0.376433845"," 0.144814711"," 0.292424626","-0.315338823","-0.115335304","-0.310529918"," 0.035353484","-0.319960063","-0.177689790","-0.207478609","-0.304401497","-0.219882065"," 0.340968173","-0.093871168"," 0.483417313","-0.143660925","-0.225259827"," 0.128203464"," 0.376433845"," 0.128203464"," 0.292424626","-0.164040125","-0.260644862","-0.207478609","-0.093871168","-0.193274747","-0.099207880","-0.254168968","-0.309145892"," 0.035353484"," 0.427029974","-0.284591155","-0.275949788"
"7.9505","-0.136424268","-0.074040446"," 0.436375553"," 0.023341132","-0.147529325","-0.158377989","-0.142177104","-0.151134863","-0.151134863"," 0.052938594","-0.124437857","-0.155253189"," 0.712864239","-0.107435741"," 0.315037177","-0.155253189"," 0.038035703","-0.151134863","-0.147529325","-0.002682841"," 0.004359977","-0.096154413"," 0.218617076","-0.136424268","-0.111153452","-0.111153452","-0.116938337"," 0.235587142","-0.103718031","-0.103718031"," 0.494528876","-0.136424268"," 0.071142555","-0.096154413"," 0.155407987","-0.116938337","-0.111153452"," 0.436375553","-0.124437857","-0.147529325","-0.136424268","-0.151134863","-0.129998398","-0.129998398","-0.124437857","-0.142177104"," 0.315037177"," 0.841622011","-0.116938337","-0.103718031"
"7.9715","-0.1664384199","-0.1873724829","-0.1809700600"," 0.0873206790"," 0.2024580256","-0.1446542426","-0.0393330588","-0.0492289198","-0.0271525158","-0.1011456618","-0.0393330588"," 0.0753260985","-0.1319290952","-0.1383846501","-0.0692730195"," 0.1884577068","-0.0793814091"," 0.2080966739"," 0.0522667499","-0.1051903459","-0.0971009776"," 0.8126275171","-0.1011456618"," 0.0002902343","-0.1383846501","-0.1446542426"," 0.0119925881"," 0.1106589714","-0.1383846501","-0.1383846501","-0.1383846501"," 0.0522667499","-0.1717649168","-0.1319290952","-0.1618292067","-0.1508175708"," 0.0969641624"," 0.0002902343"," 0.0649520482","-0.0492289198","-0.0147992933"," 0.0649520482","-0.0492289198","-0.1618292067"," 0.3221647362"," 0.0753260985"," 0.0873206790"," 0.5591207959"," 0.1225340046"," 0.0522667499"
"8.4618"," 0.296392516","-0.037072666","-0.049001029"," 0.041307593","-0.109095579","-0.040623058","-0.024782116","-0.074973694","-0.089175261","-0.077875960"," 0.048751501","-0.116958863","-0.113518081","-0.096838388","-0.116958863","-0.104596828","-0.049001029","-0.020350083"," 0.041307593","-0.058632361","-0.055005719","-0.010504299","-0.005090547","-0.015918050"," 0.032205246"," 0.107502145"," 0.087672373","-0.033522275","-0.121419490","-0.123073162","-0.119189176"," 0.710668427"," 0.003306487"," 0.272040165"," 0.057358223"," 0.048751501"," 0.017641491","-0.093712137"," 0.868029413","-0.055005719","-0.055005719","-0.116958863","-0.130259727"," 0.017641491","-0.126637851","-0.062259002","-0.131970587","-0.130259727","-0.126637851"," 0.041307593"
"8.5282","-0.124197572","-0.027614939","-0.124197572","-0.124197572","-0.124197572","-0.058053782","-0.124197572","-0.124197572"," 0.038977031","-0.073030439","-0.116914659","-0.045093931"," 0.012011578","-0.027614939"," 0.875802428","-0.086438469"," 0.020825770"," 0.003197386"," 0.299331839"," 0.020825770"," 0.255092810","-0.112115406","-0.036354435","-0.124197572"," 0.003197386","-0.112115406","-0.112115406","-0.124197572","-0.112115406","-0.124197572","-0.112115406","-0.112115406"," 0.333580205","-0.112115406"," 0.471731466"," 0.574719328","-0.124197572"," 0.020825770","-0.112115406","-0.124197572","-0.124197572","-0.045093931","-0.112115406","-0.124197572","-0.112115406","-0.124197572"," 0.238678245","-0.124197572"," 0.443645565","-0.112115406"
"8.8399"," 0.14476732"," 0.06836196"," 0.54365201","-0.11305269","-0.12805173","-0.14133613","-0.08712486","-0.04187135","-0.17527626","-0.09475258","-0.17527626"," 0.57858567","-0.15907538"," 0.82472374","-0.14411640","-0.04187135","-0.17527626","-0.17527626"," 0.09246298"," 0.18739280","-0.17527626","-0.17527626","-0.14689667"," 0.02113743","-0.15010961","-0.17527626","-0.17527626","-0.02967662","-0.17527626"," 0.53191398","-0.17527626","-0.17527626","-0.17527626","-0.17527626"," 0.05424428"," 0.17087142"," 0.41947728"," 0.37476860","-0.17527626"," 0.08041247"," 0.02113743","-0.01958112","-0.17527626"," 0.31909910","-0.17527626","-0.06324819","-0.04187135"," 0.12460035","-0.17527626","-0.17527626"
"9.1278"," 0.306280504"," 0.167274707"," 0.834255178","-0.106380552","-0.121609259","-0.144055451","-0.076587662","-0.051538746","-0.165744822","-0.088696792","-0.067801159"," 0.284471149","-0.140354414"," 0.336691771","-0.133450733","-0.001625503","-0.165744822","-0.165744822"," 0.074075018"," 0.299459889","-0.165744822","-0.163372836","-0.125928674","-0.008649167","-0.150682246","-0.163372836","-0.163372836","-0.015672832","-0.163372836"," 0.515762912","-0.163372836","-0.163372836","-0.165744822","-0.163372836"," 0.125188098"," 0.176088899"," 0.464262192"," 0.139069295","-0.163372836"," 0.056908111"," 0.026229187","-0.051538746","-0.163372836"," 0.291965519","-0.163372836","-0.076587662","-0.040297191"," 0.095044486","-0.165744822","-0.163372836"
