"","PC1","PC2","PC3","PC4","PC5","PC6","PC7","PC8","PC9","PC10","PC11","PC12","PC13","PC14","PC15","PC16","PC17","PC18","PC19","PC20","PC21","PC22","PC23","PC24","PC25","PC26","PC27","PC28","PC29","PC30","PC31","PC32","PC33","PC34","PC35","PC36","PC37","PC38","PC39","PC40","PC41","PC42","PC43","PC44","PC45","PC46","PC47","PC48","PC49","PC50"
"0",0.010863,-0.084076,-0.15491,-0.17173,0.094961,-0.096599,0.092083,0.051804,-0.089222,0.028057,-0.21199,0.19973,0.0007376,0.012396,0.014506,-0.06173,0.059872,0.088095,-0.14827,0.053846,0.090168,0.082503,-0.055849,-0.010014,0.014948,-0.098883,0.15237,0.15942,0.0849,-0.0079017,0.053942,0.053288,0.094919,-0.065995,-0.036912,0.29545,0.036302,-0.097901,0.016414,-0.042282,-0.018337,0.018246,-0.047348,0.054818,-0.046073,-0.15304,-0.2074,0.13897,0.043103,0.23879
"1.00135",0.10605,0.10834,0.10519,0.048505,-0.12197,0.094908,0.020392,0.01316,-0.035443,-0.007665,0.067426,-0.023193,-0.15014,-0.051136,0.043307,0.066861,0.05979,-0.074032,0.016519,0.073696,0.053905,-0.083052,-0.14531,-0.052336,-0.095734,-0.047375,-0.15409,-0.053259,0.13432,-0.039286,0.037339,0.092126,0.004955,0.013197,0.1194,-0.098641,0.047918,-0.10995,0.13793,0.095616,0.055527,0.028296,0.083153,0.070932,0.19753,-0.098656,0.034139,0.090792,0.15894,0.28368
"1.0681",0.093605,0.1333,0.040675,0.090465,-0.20369,0.056462,0.10605,-0.028775,0.01741,0.0049,0.087816,-0.013885,-0.04264,0.061133,0.044193,0.02659,-0.093999,-0.063442,-0.0092247,-0.025917,0.012735,-0.051341,-0.19397,-0.065452,0.011265,-0.11203,-0.1097,0.024088,0.11633,-0.15499,0.12529,-0.0056277,-0.074531,-0.12043,-0.081643,0.024114,0.043176,-0.1658,-0.032463,0.035668,-0.041652,0.017848,0.08908,0.051677,-0.10591,0.071168,-0.11042,0.20898,0.071184,-0.21693
"1.08855",-0.014785,0.11699,-0.044018,0.2021,-0.17006,-0.049809,0.05583,-0.085618,0.14959,-0.10074,0.033262,0.010236,-0.0074906,0.065914,0.080019,-0.08696,-0.050427,0.37536,0.17072,-0.054342,-0.023026,0.11399,-0.0022551,-0.18004,-0.020662,-0.04454,0.24745,-0.042442,0.02966,-0.059271,-0.12189,-0.04654,0.046618,0.011382,-0.14574,-0.075389,0.17378,-0.18116,0.14155,-0.11996,0.11551,0.025643,0.18849,0.08302,0.068231,0.063374,-0.168,-0.011129,-0.15482,0.03802
"1.11465",0.037928,0.03348,-0.014431,-0.063683,-0.026203,-0.13333,-0.069781,0.17475,0.055794,0.045362,0.12334,-0.0095304,0.062402,0.048566,0.024458,0.078514,-0.011491,-0.038173,0.055297,-0.069671,0.073707,-0.092535,-0.033592,-0.023762,0.063165,0.0048318,-0.039684,-0.10558,-0.064314,-0.0099594,-0.040054,-0.14908,0.020843,-0.023598,-0.031349,0.062885,0.013561,-0.02889,0.022069,-0.1049,0.092885,0.021158,-0.10334,0.048508,-0.010294,0.12263,-0.081657,-0.0056226,0.074888,0.19587
"1.1535",0.016837,0.039311,-0.016782,-0.11977,0.0088618,-0.10195,-0.089066,0.13207,0.023054,0.016496,0.084372,0.0044394,0.14528,0.093538,0.04675,0.12064,0.053171,0.050252,0.07819,0.0032666,0.038763,-0.1195,0.0032493,-0.079063,0.073838,0.0041238,-0.077543,-0.037392,-0.13132,0.039731,-0.13244,-0.1933,0.012903,-0.0018445,0.089485,0.13564,0.057024,0.092378,0.093243,-0.17262,0.061917,-0.0073441,0.088442,-0.021847,0.066306,-0.044288,0.028619,-0.010815,0.12728,-0.34011
"1.1896",0.080879,0.047649,0.037754,-0.13516,0.072703,-0.073129,-0.15507,0.076338,0.075874,0.015753,0.11031,-0.081854,0.07224,0.15652,0.039839,0.088031,0.02372,0.14786,-0.1221,-0.053429,-0.0068031,-0.036307,0.10399,0.010958,-0.073254,0.021724,-0.10973,0.051792,0.10421,-0.022523,-0.064032,0.002173,0.041632,-0.06708,-0.05276,0.003353,0.013953,0.065677,0.0794,0.011156,-0.043436,0.012272,0.059862,0.16422,0.07684,-0.039982,0.04849,-0.0059181,-0.047826,0.13818
"1.21715",0.04945,0.11918,-0.05862,-0.049136,0.089192,0.039743,-0.18338,-0.032311,0.051715,-0.0057073,-0.0021184,-0.080655,0.045147,0.09135,0.03875,-0.058009,0.085813,0.20141,-0.08708,0.030644,-0.12045,-0.098644,0.063269,-0.12071,-0.15436,-0.10243,-0.04681,0.010263,0.053669,-0.12187,-0.12704,0.14178,-0.1204,0.080933,-0.1188,-0.040826,0.082167,-0.092362,-0.08837,0.088252,-0.054945,-0.1336,-0.089541,-0.032721,0.045154,-0.18499,0.06966,0.28966,0.032784,-0.072483
"1.2414",0.039312,0.11302,-0.061126,0.15486,0.006908,0.055598,-0.067278,0.018208,-0.11477,-0.023633,-0.060578,0.010739,0.081269,-0.076744,0.062909,0.073968,0.010668,-0.0048946,0.0050045,0.085537,0.03226,-0.018286,-0.10178,-0.07008,-0.082125,-0.045023,-0.22738,-0.1353,0.16226,0.16648,-0.21581,-0.24566,0.02469,-0.025783,-0.12284,0.1637,-0.24018,-0.14253,0.093781,0.13559,0.060615,0.048187,-0.15146,-0.060805,0.042763,-0.068202,-0.25595,-0.16427,0.055889,-0.093718
"1.274",-0.045103,0.21335,-0.084928,0.077945,0.055311,0.16285,0.15885,0.084301,0.089417,0.074907,0.00088315,-0.093991,0.25199,0.065336,0.049886,0.28201,-0.25475,0.058112,0.021321,0.20737,0.19311,0.15806,0.046033,0.082744,0.023298,-0.14182,-0.13314,0.27264,-0.051025,0.14873,0.11423,0.1242,0.010468,-0.17418,-0.1431,-0.11122,0.029153,0.2284,-0.039333,0.10221,-0.065582,0.085341,-0.01576,0.089563,0.12561,-0.046652,0.0034847,-0.013642,-0.036648,0.045681
"1.33965",0.098972,0.053948,0.021833,-0.17657,0.034384,-0.10546,-0.12045,0.11645,0.020835,-0.028673,0.066008,-0.0046896,0.012869,-0.069747,0.025933,-0.027563,-0.0068552,0.025234,0.03953,-0.03975,-0.062721,-0.01944,-0.026207,-0.035126,-0.041482,-0.022574,-0.044493,-0.0062566,-0.046971,-0.075665,-0.013026,0.020877,0.044642,-0.116,-0.063324,-0.055561,0.068774,-0.0062218,-0.024921,0.090302,0.078254,0.089007,0.17285,0.12933,-0.098908,0.025561,-0.14387,0.011529,0.0038117,0.027671
"1.3622",0.097542,-0.037778,-0.19894,-0.083044,-0.073336,-0.10405,0.093411,0.12724,0.026439,-0.028236,0.04809,0.020409,0.018331,0.045646,0.24978,-0.0049581,-0.13284,-0.071046,-0.10151,-0.068551,0.012524,-0.082973,-0.13009,0.029281,0.12357,0.1236,0.012529,-0.040133,-0.17352,0.088401,0.070316,0.11615,-0.099021,0.039821,-0.0018082,-0.18184,-0.065143,-0.043927,0.17325,0.25637,0.031082,-0.062068,-0.0011625,0.057702,-0.13146,0.079435,-0.091286,0.041915,0.034662,-0.096389
"1.4369",0.1529,0.058808,0.031865,-0.058432,-0.081382,0.09275,0.055974,-0.0078601,0.025911,-0.084758,0.050738,-0.14067,-0.042709,0.073806,-0.11123,-0.073387,0.035471,0.014594,0.080603,-0.11251,0.0046861,0.14013,0.070032,0.058482,0.31098,0.022383,-0.058988,-0.021296,-0.035091,0.09471,0.0067404,0.013466,0.060916,-0.092087,-0.24413,-0.01661,0.098952,-0.060544,-0.0059679,-0.06645,-0.10585,0.018525,-0.22018,-0.011721,0.099296,-0.016209,0.086392,-0.058419,0.050459,-0.076816
"1.4781",0.097213,0.071218,0.074082,-0.093311,-0.08449,0.0024496,0.02571,-0.040924,-0.0041711,-0.19031,-0.026083,-0.059346,-0.0086888,-0.089246,-0.11754,0.0069657,0.011857,0.070167,0.12944,-0.007258,-0.080174,0.12543,0.0069339,-0.0067592,0.10678,0.06703,0.068149,0.12062,-0.0047199,0.013359,0.03143,0.0048482,0.12582,0.026467,-0.28482,-0.092872,0.078228,0.021749,0.017555,-0.0077664,-0.067999,-0.025897,-0.24774,0.031251,-0.14297,0.009342,0.0072663,0.11722,-0.092376,-0.039429
"1.4929",0.11032,0.069249,0.061395,0.015413,-0.12374,0.015215,0.064919,0.016636,-0.030364,-0.0047555,0.079508,-0.0021478,-0.014235,-0.029283,0.050489,-0.051898,0.0013243,-0.16536,-0.074847,0.024205,0.0087439,-0.10447,-0.15414,-0.052305,0.038021,0.15803,-0.0018088,-0.012609,-0.14429,-0.071155,0.044068,-0.068682,-0.014597,-0.06725,-0.024266,-0.022655,0.084399,-0.15484,-0.058004,-0.034403,-0.1694,-0.12528,-0.22531,-0.14853,0.063932,0.048719,0.079843,0.16253,-0.073668,0.035024
"1.8554",0.016842,-0.027001,-0.061598,-0.014793,0.10804,0.15975,0.045134,0.025945,-0.048704,0.067119,0.064845,0.047822,-0.037755,-0.03134,-0.12675,0.19538,0.10541,0.019033,0.026884,-0.13301,-0.004581,-0.014534,-0.1037,0.088838,-0.10709,0.059145,-0.032485,0.037546,-0.14312,-0.090755,-0.058841,-0.062869,0.040262,0.098111,0.076294,-0.13476,0.0027273,-0.018212,-0.02221,-0.044231,-0.074237,0.078439,-0.040102,0.012009,0.008905,0.14471,-0.069036,0.061982,-0.17416,0.0069047
"1.9242",0.073024,-0.059835,0.047783,-0.04555,-0.08086,-0.095955,-0.14331,0.12779,0.053675,0.019553,-0.02519,-0.046735,0.10891,-0.036254,0.052615,0.23162,0.12459,0.014853,0.047929,-0.04409,-0.012506,0.038012,-0.15996,0.065051,0.049805,0.03458,-0.060962,0.058544,-0.035019,-0.071483,0.16354,0.24044,-0.022593,-0.0083777,0.071982,0.040988,-0.06562,-0.013853,-0.22868,0.043648,-0.022755,-0.081792,-0.098323,0.056358,0.021792,0.12608,-0.13854,-0.13305,-0.014743,0.11349
"1.93875",0.093781,-0.17644,0.11419,0.18002,-0.06112,-0.094259,0.10431,0.018157,-0.063158,0.059343,0.022536,-0.02934,-0.019072,-0.017983,-0.02244,0.069704,0.046969,0.045738,-0.045029,-0.058807,0.068267,-0.11077,0.10542,-0.13441,0.10419,0.041803,0.039982,0.071542,-0.10289,0.11847,-0.020269,-0.1765,-0.094221,0.016346,-0.093713,0.042235,-0.0023124,-0.10869,-0.045046,0.22603,-0.059292,0.034659,0.11105,-0.1518,0.14835,-0.02649,-0.064793,-0.13304,-0.26295,0.082343
"2.1275",0.073769,-0.09998,0.26933,0.09208,-0.16802,0.05355,-0.047834,0.086208,0.078663,0.091426,-0.095968,-0.0011051,-0.11588,0.052902,-0.033587,0.13105,0.039185,-0.0098964,0.071466,0.16386,0.029479,-0.12811,-0.097014,-0.086916,0.1103,-0.05295,-0.044819,-0.13128,0.11498,-0.24341,-0.13347,0.1859,0.084926,-0.04351,-0.13835,0.065626,0.020156,-0.0046484,0.11697,-0.0192,-0.040076,0.020536,-0.077235,0.073618,-0.21833,0.04369,0.14027,-0.068626,-0.054432,-0.039458
"2.152",0.018414,-0.003683,-0.062162,-0.028324,0.091793,0.15972,0.043041,0.0074223,-0.025014,0.070857,0.038926,0.057339,-0.085124,0.027813,-0.10613,0.19355,0.043675,-0.10282,0.072833,-0.068987,-0.048492,0.01632,-0.049024,-0.0061386,-0.070207,-0.0020516,-0.0069039,-0.0943,0.018219,-0.028914,-0.010966,-0.059496,-0.012595,0.10418,-0.041877,-0.12389,-0.0036667,-0.019223,0.0012911,-0.1063,-0.030659,0.015987,0.041037,0.017712,0.079973,0.14093,-0.066146,-0.024605,-0.046109,0.039437
"2.1864",-0.021637,0.012494,-0.18004,-0.022759,0.15983,0.2218,-0.14831,-0.0092312,0.019948,0.0029076,0.15632,0.043218,0.01297,-0.090476,-0.046671,-0.080057,0.062694,-0.077236,0.0022995,-0.099701,-0.2062,0.12733,-0.017337,-0.083069,-0.18741,0.034503,-0.034435,0.1715,0.036492,-0.020879,0.028403,0.096944,-0.11843,-0.13295,-0.14844,0.025945,-0.078234,-0.098549,0.18289,-0.18211,0.072937,0.058087,0.027236,-0.018894,0.051864,-0.1302,-0.075683,-0.099968,-0.23002,-0.071395
"2.2378",0.14082,0.0022965,0.062599,-0.16819,0.027176,-0.017822,0.050103,-0.10198,-0.046378,0.050691,0.071692,0.050128,0.076119,0.06729,0.077181,-0.10182,-0.050969,-0.022857,-0.090313,-0.043852,0.036584,0.0057567,0.052038,0.073342,-0.1863,-0.093123,-0.13715,-0.016134,-0.041644,0.028581,0.0072856,-0.032601,-0.035853,-0.06997,-0.084649,-0.095551,0.056124,-0.12967,0.047504,-0.013835,0.14645,-0.08056,0.072667,0.0788,0.013497,0.083147,0.20671,-0.076428,0.03009,0.0089681
"2.2673",0.13914,-0.22987,0.04113,0.19071,0.072047,-0.054345,-0.0086644,0.0063314,0.034187,-0.026616,-0.086905,-0.040944,0.085271,-0.00021532,0.023183,0.0047764,0.031836,0.22268,-0.045374,-0.033462,0.015369,-0.0038806,0.010697,0.03779,-0.05551,0.076603,-0.082873,-0.047224,0.084801,-0.021575,0.036768,0.12007,-0.0083302,-0.050897,-0.096426,-0.075644,-0.047474,0.093195,0.074662,0.054911,-0.025262,0.090928,-0.10954,-0.075304,0.020246,0.017598,-0.068946,-0.13994,-0.072709,-0.23992
"2.2882",0.14206,-0.102,0.032045,0.03795,0.0025183,0.070659,0.10939,-0.013551,0.019919,0.048174,0.094022,0.0096565,0.079339,0.15714,-0.086841,0.049551,-0.044252,0.021064,-0.16345,-0.058977,0.021943,-0.043933,0.14461,0.052896,0.046218,0.041428,-0.091651,0.15094,0.029962,-0.10161,0.046879,-0.0030374,0.0040067,-0.099832,0.017213,-0.070585,-0.011555,-0.078296,0.074223,-0.11923,0.077536,0.12795,0.057033,-0.11545,-0.19051,-0.04642,0.13694,-0.12065,0.17508,0.12947
"2.34675",-0.15604,-0.13908,0.11558,0.0063125,0.10687,-0.14314,0.16467,0.16482,-0.11896,0.052589,0.18379,-0.20321,-0.0027558,-0.0028566,-0.1202,-0.1571,-0.14574,0.0070061,0.031694,0.050813,-0.064121,-0.021685,-0.28636,-0.04799,-0.081783,-0.11926,-0.083132,-0.04002,0.095982,0.021346,0.082309,0.033298,0.22574,0.081032,-0.087318,0.0098483,0.040002,0.024012,-0.1311,-0.11347,-0.033917,0.032634,0.080214,0.0023684,0.026476,-0.050168,0.0064133,0.019148,0.12756,-0.18603
"2.383",0.05756,0.23351,0.018992,-0.080336,0.10064,0.032123,-0.23567,-0.063887,0.044947,0.11608,-0.14364,-0.23852,0.10738,-0.1349,0.0055358,0.075794,0.0044615,0.0087172,0.01703,-0.06128,0.20126,-0.045573,0.12911,-0.04699,-0.047955,0.0028053,0.10075,-0.011284,-0.043665,-0.047096,0.18068,-0.24138,0.34981,-0.13327,0.063099,-0.1029,-0.045976,-0.11942,0.054926,0.11517,-0.10408,-0.1015,0.1453,-0.20273,-0.014532,0.061978,0.037822,0.090274,-0.0056887,-0.1908
"2.4149",0.075716,0.087099,-0.0085024,-0.095747,0.023571,-0.01589,-0.11118,0.11061,0.082401,-0.050895,0.053404,-0.078858,0.057428,0.0023289,0.11137,0.04302,0.085961,0.066134,-0.084333,-0.16341,0.21129,-0.078413,-0.078362,0.15887,-0.060528,-0.020938,-0.040352,-0.042835,-0.14564,0.042479,0.12596,0.10352,-0.071853,0.22262,-0.042182,0.025659,-0.088175,-0.17023,0.062191,-0.12888,-0.078725,-0.058136,-0.17261,0.024538,0.034907,-0.078731,-0.13932,-0.16524,-0.10908,0.082881
"2.4547",0.045625,0.062206,0.049915,0.0023489,0.030133,-0.11835,-0.070735,-0.090391,0.093677,0.074495,0.034997,0.17698,-0.093233,-0.031615,-0.061504,-0.080061,0.002025,-0.13396,0.12238,-0.03306,0.28473,0.0419,0.027359,-0.0035582,-0.0097963,0.073153,0.010853,-0.05112,-0.061723,0.022381,-0.168,0.16424,0.18854,-0.031769,-0.11433,-0.045066,-0.18501,0.17721,0.053153,-0.040162,-0.10957,0.084265,0.13446,-0.015738,-0.056585,-0.15845,0.086652,-0.09858,-0.15805,0.054965
"2.47135",-0.027899,0.13308,0.098718,0.059944,-0.091088,0.0025344,-0.031379,0.015289,0.0064422,0.036751,0.037394,-0.033696,-0.082563,0.02639,-0.033181,-0.033051,0.26264,-0.027512,0.048327,0.23384,0.040355,-0.021776,-0.024069,0.00073217,-0.03301,0.12465,-0.044333,0.12332,-0.023656,0.16858,-0.11842,0.20955,-0.0019532,0.13837,0.039136,-0.15458,0.049601,0.065555,0.053155,-0.0028182,0.25851,0.099714,-0.11505,-0.01117,0.07348,-0.12349,0.019241,-0.060422,0.058558,-0.10587
"2.5304",-0.18057,0.17517,-0.015778,0.11826,0.152,-0.11827,0.19002,-0.11994,0.10478,0.048765,0.081834,-0.083648,-0.041218,0.077907,0.063082,0.12949,0.023544,-0.054481,-0.028792,-0.026398,0.046172,-0.016686,-0.046813,0.014529,0.02825,0.012837,-0.017842,0.0024011,-0.00055912,-0.15621,-0.08296,-0.050047,-0.068324,0.055641,0.1505,0.033768,-0.045279,-0.09669,0.012943,0.001946,-0.16911,-0.023532,-0.10323,0.058298,0.057739,0.05897,-0.0085165,-0.048278,0.093992,0.023864
"2.56195",-0.19205,0.14544,0.024099,0.053632,0.13754,-0.16418,0.099139,-0.17511,0.077887,-0.017205,0.042531,-0.046316,-0.0041456,0.019278,0.043672,0.067366,0.026591,-0.0098681,-0.0089957,-0.0064537,0.024026,0.034639,-0.1067,0.018412,0.058068,0.093671,0.064399,-0.03081,0.012488,-0.10592,-0.052257,0.011569,-0.05269,-0.0071321,-0.055397,0.022501,-0.047472,-0.033268,0.17933,0.067957,0.062022,-0.067494,0.011375,0.036722,-0.077874,-0.014915,0.084461,-0.0029956,0.001324,-0.0049037
"2.6188",-0.00098182,0.036196,-0.017781,0.026381,0.11324,0.06886,-0.194,0.11066,0.09279,-0.020825,0.20984,0.034699,-0.19035,0.10252,0.00052519,-0.065764,-0.070909,-0.020632,-0.00074511,0.022387,-0.025252,-0.016968,0.072413,-0.075653,0.078086,0.18953,-0.013438,-0.017581,0.17075,0.2945,0.0067328,0.14818,-0.096462,0.065097,0.040621,0.048641,0.0059371,0.040558,0.096298,0.0018293,-0.1599,-0.069387,0.1127,-0.088411,0.16209,0.096069,0.012223,0.045555,0.11159,-0.10483
"2.6713",-0.18837,0.14498,-0.0068654,0.021066,0.11889,-0.19648,0.073551,-0.22966,0.02167,0.079853,-0.043421,-0.017785,-0.12683,-0.016607,0.091798,0.011489,0.13524,0.024347,0.0041294,-0.15828,0.019245,0.0082304,-0.090637,0.15105,0.17929,-0.03126,0.056484,-0.020052,0.020418,-0.096263,0.056535,-0.061606,-0.069121,0.0077516,-0.079596,-0.10069,-0.015208,0.18389,0.18843,0.11108,-0.030737,0.05667,-0.10214,0.068479,0.062043,-0.095918,0.035805,-0.020227,-0.0079929,-0.049555
"2.7019",-0.22081,0.13854,0.050516,0.063775,0.12035,-0.10927,0.094598,-0.096822,0.087305,-0.085552,0.11905,0.017909,0.038211,0.028232,0.017298,0.066622,-0.015944,-0.02172,0.013703,0.14873,-0.048499,0.10381,-0.010755,0.030443,-0.055515,0.11448,-0.12939,0.061232,0.006197,-0.072811,-0.099692,0.0065549,0.032082,-0.15362,-0.056354,0.14111,0.06836,0.0096452,-0.083797,-0.098806,0.1063,-0.26811,-0.062786,-0.21605,-0.011078,0.12359,-0.059786,-0.075376,0.030247,0.16105
"2.72625",0.047762,0.025983,-0.099108,0.21874,0.021785,0.048455,0.02421,0.16589,-0.081893,-0.033663,0.035779,-0.17332,0.21877,0.10387,0.14812,-0.10126,0.025609,-0.24145,-0.089924,0.20747,-0.15143,0.0044988,0.18138,0.092932,0.092871,-0.0043472,0.19483,-0.1586,-0.05788,-0.090752,-0.044329,0.086386,0.042223,0.085123,-0.15719,0.12428,0.020961,-0.038718,-0.048905,-0.1167,-0.094445,-0.0055742,0.13878,0.18428,0.029833,0.091666,0.076275,-0.17142,0.01581,0.016372
"2.7571",0.16616,-0.047443,-0.23044,-0.019261,-0.095234,0.14154,-0.044347,-0.13336,-0.0040827,0.27603,0.28354,-0.00081204,-0.30159,-0.046301,0.2236,0.07983,-0.096192,0.13744,-0.092361,0.15741,0.028147,0.18741,-0.014795,0.15211,0.070201,-0.23783,0.030432,-0.03793,0.016027,-0.058286,-0.024786,0.013541,-0.00098679,-0.0036282,0.014319,0.078776,-0.042826,0.02507,-0.079977,0.059109,0.050145,-0.12733,-0.11619,-0.012938,-0.043967,-0.027231,0.04586,-0.0096791,-0.074395,-0.18707
"2.7833",0.12011,0.013856,-0.17075,0.042532,-0.019118,-0.008365,0.079646,-0.052961,-0.14966,-0.1291,0.035037,-0.056202,0.036327,-0.055853,0.015793,0.050049,0.088705,0.043514,0.12587,0.06494,-0.03279,0.02015,0.036586,0.10999,0.24553,-0.12687,-0.13321,0.10795,0.00050958,0.029006,-0.0031994,-0.0092807,-0.078495,0.31513,0.0042256,-0.10143,-0.15607,0.020292,0.19965,-0.061922,-0.039442,-0.14318,0.30354,-0.064886,-0.22603,0.047449,0.095042,0.17469,-0.043169,0.097365
"2.8333",0.14665,-0.015169,-0.14539,-0.076544,0.1047,-0.054328,0.09034,-0.108,-0.12123,0.15526,0.0044472,-0.044052,0.021566,-0.0055545,0.076045,-0.00065648,0.169,0.0042269,-0.024215,0.12566,-0.077919,-0.018467,0.032499,-0.11649,0.027254,-0.1121,-0.15919,0.15144,0.0026118,-0.06687,-0.25256,-0.12226,0.093131,0.023452,0.040541,0.068819,0.11728,0.063584,0.013474,-0.014982,-0.16244,0.18721,-0.087446,-0.027443,-0.080552,0.091703,0.070641,-0.10789,-0.018331,0.052165
"2.87505",0.034304,0.013467,-0.013957,-0.10575,0.015033,-0.11141,-0.10752,0.1718,0.065386,0.014545,0.065577,-0.049959,0.00022112,0.016729,0.035339,0.091477,-0.025123,0.039282,0.0081072,-0.1242,-0.01408,-0.037094,-0.050784,-0.035614,0.015043,0.11939,0.016252,0.00044471,-0.035267,-0.017288,-0.055464,-0.016147,0.11364,0.041251,-0.074489,0.051859,0.12534,0.20041,0.040552,0.011598,-0.07673,0.040323,0.04027,0.0016383,0.088852,-0.068404,0.077398,0.16859,-0.060148,0.063768
"2.9053",0.010491,-0.020844,-0.040251,0.041957,-0.062311,-0.093324,0.077338,0.081034,-0.097508,0.080899,0.12572,0.080434,0.051091,-0.078762,-0.13288,-0.001995,0.037209,-0.055476,-0.12036,0.037167,-0.10742,0.211,0.016823,-0.25225,-0.030105,0.077528,-0.11473,-0.036335,-0.14493,-0.013703,0.044971,-0.013729,-0.057269,0.012554,0.069098,0.16424,-0.13989,-0.02284,0.15791,0.2487,0.055792,-0.013936,0.021131,0.093462,0.12819,0.13911,0.13153,0.088701,-0.20979,-0.030863
"2.93095",0.013945,0.11689,-0.12243,-0.031043,-0.16081,-0.024263,0.23845,0.096144,0.057188,-0.027447,-0.031695,-0.00060062,-0.16098,-0.050351,0.19406,-0.037755,0.20505,0.028246,0.019723,0.01598,-0.042031,-0.21102,0.25265,-0.014205,0.032679,0.029373,-0.14854,-0.20315,0.057977,0.026844,0.12832,0.016187,-0.071658,-0.25002,0.081756,-0.091036,-0.032119,0.15768,-0.15509,-0.23474,-0.060163,0.009989,0.08099,-0.082745,-0.09574,-0.23075,-0.21301,0.003537,-0.11345,0.019152
"3.0195",-0.0057161,0.025878,0.013256,0.040378,-0.013027,-0.01779,-0.069947,-0.02981,-0.031545,-0.084524,-0.11181,0.027212,0.094678,-0.22255,0.058263,0.037881,-0.0036753,-0.16539,0.072771,0.020114,0.12527,-0.024848,-0.13686,0.11689,-0.01921,0.037353,-0.19454,-0.068479,0.2807,0.075521,-0.015926,-0.043008,-0.0086267,0.02663,-0.075825,0.035469,-0.19963,-0.029916,-0.11226,-0.041829,0.10809,0.08215,0.050638,-0.0062116,-0.054658,-0.077102,0.24082,0.14081,-0.17769,-0.0072622
"3.0477",-0.042494,-0.029232,-0.13459,0.11713,-0.00047249,-0.08283,-0.010011,0.098986,0.012934,0.03469,0.014849,0.066416,-0.023831,-0.11569,-0.029122,0.072826,-0.010933,0.013675,0.065893,0.042917,-0.057659,-0.097695,-0.014607,-0.050536,-0.0026292,0.060681,0.089329,0.0096953,0.028734,-0.043855,0.0098703,0.094756,-0.025675,-0.084347,0.0086563,-0.028445,0.043153,0.12248,0.028099,0.11095,-0.13161,0.034183,0.088328,-0.10526,-0.078104,-0.043903,-0.087476,0.044613,0.10814,-0.058237
"3.1338",-0.064161,0.1533,-0.017085,0.15067,-0.11989,-0.070238,-0.058995,0.056816,-0.15374,0.26158,-0.15726,0.063453,0.095864,0.13029,0.20888,-0.24651,0.19263,-0.0063314,-0.13051,-0.060181,-0.11491,0.22689,-0.18561,-0.17641,0.0041071,0.012533,-0.063256,0.0041233,-0.032937,0.10705,0.18836,-0.08357,0.099877,-0.0091613,0.022394,-0.30527,-0.014843,0.10258,0.008259,-0.17092,-0.020972,0.132,-0.0351,-0.062329,-0.01076,0.10147,0.05953,-0.060647,0.040507,0.02699
"3.1607",-0.018918,0.10316,-0.1264,0.16003,-0.063879,-0.0021053,-0.049201,0.074921,-0.10951,0.096807,-0.21525,-0.11026,-0.002162,-0.08445,-0.19843,-0.14422,-0.16685,-0.10079,-0.20737,-0.1763,0.17908,-0.15605,0.071879,0.0058881,0.16909,-0.062885,-0.050582,0.25089,0.16561,-0.097168,-0.15893,0.089712,-0.066659,0.081172,0.037319,-0.053784,0.064894,-0.049938,0.10841,-0.10069,0.021271,0.031934,0.01071,0.10019,0.087326,0.02819,-0.12969,0.10377,-0.024818,0.037307
"3.1967",0.037508,0.027984,-0.030064,0.016565,-0.04543,-0.0060812,0.059114,0.049234,0.025265,-0.037177,-0.092875,0.083571,0.0053546,0.095084,0.036409,-0.085958,-0.10917,0.086791,0.10811,-0.181,0.024955,-0.048736,0.015414,-0.088194,-0.072105,0.084203,-0.043366,-0.027801,0.12305,-0.26109,0.0094322,0.040964,-0.1732,0.055713,-0.03575,0.069737,-0.082433,0.11754,-0.15236,0.088285,-0.072564,0.05432,-0.060821,-0.187,0.12367,0.12262,0.16898,-0.043803,-0.029662,0.0044008
"3.2292",0.099772,-0.029361,0.020319,-0.03088,-0.052938,-0.16876,0.0061165,-0.0195,0.096438,0.039772,0.11429,0.25533,-0.036788,-0.011565,-0.045343,-0.02178,-0.1058,-0.19105,0.099586,-0.054386,0.15237,0.13244,0.12919,-0.12646,-0.025443,-0.073759,0.12518,0.080523,-0.15663,-0.031081,-0.13529,0.10796,0.089909,-0.019491,-0.013762,-0.13812,-0.24851,0.031637,-0.10165,-0.082696,0.15214,-0.10129,-0.013072,0.057484,0.0052,0.048932,-0.11886,0.043901,0.18501,-0.06161
"3.25475",0.061397,0.010511,0.13305,-0.12034,-0.031809,0.047093,0.029556,-0.11866,0.028341,-0.043184,-0.026566,-0.033446,0.0053999,0.1414,0.023641,-0.034738,0.071149,-0.014494,-0.059793,0.013267,0.032029,0.059844,0.047657,0.059773,-0.020114,-0.12237,-0.059973,-0.073394,0.036822,0.102,0.13392,-0.032626,0.028183,-0.014948,0.14444,0.033082,0.022617,-0.028181,-0.063899,0.0036863,0.16698,-0.0019136,0.040044,-0.028487,-0.083847,0.046916,0.064742,-0.0078475,-0.09647,0.05749
"3.3021",0.073956,0.097353,-0.17979,0.072651,-0.072862,0.17481,0.1631,0.13415,0.025124,-0.24028,0.031429,-0.083149,0.086771,0.15175,-0.10586,-0.014949,-0.086544,-0.029628,0.13498,-0.053435,-0.074218,-0.077428,0.0076197,-0.10633,-0.051484,0.17116,-0.048512,0.11333,-0.15069,-0.1095,-0.034479,-0.0085796,0.13082,-0.05691,0.24183,-0.018903,-0.13266,-0.037711,0.10169,0.056651,0.16092,0.096262,-0.15906,0.044205,-0.066958,-0.19666,0.083,-0.043363,0.043799,-0.069839
"3.3613",0.13459,-0.094399,-0.17996,-0.021723,0.091686,-0.11964,0.19471,-0.11292,0.0081086,-0.12375,-0.086688,0.01605,-0.0025695,0.0064455,-0.0095003,-0.12204,-0.10809,-0.038888,0.31087,0.041514,0.036861,-0.19809,0.077961,-0.044019,-0.14742,-0.22058,-0.11612,-0.11098,-0.045755,0.26978,0.046999,-0.0056168,0.075234,0.16512,-0.011503,0.0012663,0.19506,0.11131,0.070697,0.057287,-0.0088607,-0.030137,-0.2065,-0.039737,0.088125,0.1321,-0.028432,0.04497,-0.046121,0.05177
"3.40975",0.11137,0.022242,0.21297,-0.13862,-0.036631,-0.0063008,-0.010418,-0.087949,-0.08173,-0.081985,0.043331,0.0028226,-0.003948,-0.011316,-0.0051347,0.043582,0.010966,-0.092382,-0.00017606,0.022897,-0.067838,0.064123,-0.075298,-0.032534,0.046053,-0.029943,0.094038,0.11008,0.068688,0.089899,0.036392,-0.048412,-0.024601,0.072176,0.12548,0.0082556,0.032445,0.034063,-0.10487,-0.029615,-0.074472,0.0082331,0.017043,0.05102,0.0076651,-0.14966,-0.10325,-0.017587,-0.03089,-0.15365
"3.4349",0.044758,0.042148,0.15631,-0.083144,-0.026681,0.054973,0.020779,-0.063602,-0.025044,-0.049236,-0.027571,-0.002156,0.08098,0.11485,0.039046,-0.12581,0.074797,-0.020222,0.0047782,-0.0056299,0.045724,0.10007,0.030399,0.0252,0.0093024,-0.026345,-0.033052,0.0035275,-0.028684,0.047105,-0.074564,-0.066173,0.022696,0.18402,-0.058654,0.0071866,-0.050715,-0.081537,-0.06313,-0.048671,-0.11965,-0.051028,0.048697,0.22373,0.15715,0.033331,0.01523,-0.0053936,0.036836,0.014872
"3.4525",0.054556,-0.10043,-0.027969,0.039849,0.049972,-0.060655,-0.16175,-0.039719,0.20912,-0.01049,-0.14521,0.056855,-0.0017101,0.028103,-0.11422,0.055759,-0.17428,-0.095984,-0.04936,-0.032675,-0.098781,-0.0071245,-0.15705,0.047588,0.039836,-0.25902,0.064154,0.013015,-0.053444,-0.0044594,0.11703,-0.032031,-0.13466,-0.11971,0.16868,0.018288,0.15996,0.03822,0.2084,-0.16222,0.15662,0.068741,-0.048137,-0.13025,0.004182,-0.012165,0.14174,-0.065093,-0.039649,-0.073412
"3.4987",0.11647,0.05439,0.18307,-0.12516,-0.055317,0.032543,-0.018166,-0.11069,-0.028346,-0.055352,0.036672,-0.073732,-0.086012,0.020435,0.029472,0.035906,0.11667,0.06705,-0.023956,0.10553,-0.029955,0.02344,-0.058434,-0.064815,-0.017619,0.083562,0.1033,0.2042,0.12919,0.045645,0.027985,0.10322,-0.006698,0.13021,0.15602,-0.051528,0.031885,0.075653,0.12869,0.10242,0.054047,0.095779,0.012568,-0.12274,0.07043,0.1498,-0.1576,-0.034773,0.029357,0.058211
"3.5276",0.12139,0.025885,0.10355,-0.11953,0.006762,0.098187,0.044375,-0.027451,-0.011332,-0.10876,-0.038677,-0.12902,0.026837,0.051094,0.0011027,-0.11822,-0.058851,0.046563,0.018908,0.0055369,-0.050972,0.11563,-0.019681,-0.039139,0.088152,0.060517,0.058684,0.046172,0.015818,-0.060378,-0.052605,-0.062219,-0.11425,-0.049342,0.056109,0.092396,-0.068438,0.11435,-0.00031416,0.053629,0.019198,-0.20195,0.065373,-0.23129,-0.084701,-0.032294,0.039664,-0.15246,-0.10665,0.072237
"3.569",0.0094867,0.15122,0.023305,0.088799,0.048406,0.1042,0.015082,0.082719,-0.01548,0.0057352,-0.03772,0.14052,-0.21442,-0.091817,-0.15075,-0.027713,-0.010371,0.22446,-0.11015,0.19731,-0.039487,-0.14228,-0.072604,0.080078,-0.057281,0.22955,0.088316,0.012367,-0.14345,0.23273,0.18885,-0.12152,0.061649,-0.075636,-0.061471,0.19093,-0.045598,0.012155,0.17472,-0.073845,-0.10178,-0.065318,-0.066941,0.14868,-0.20171,0.056733,0.12852,0.024203,0.096102,0.10734
"3.59605",0.064539,0.013208,-0.022172,-0.15741,0.094096,-0.0034159,-0.010045,-0.12949,-0.093612,0.25717,0.13753,0.17432,0.13015,-0.05444,-0.16209,-0.25536,-0.028899,-0.023172,0.0086286,0.19528,-0.027993,-0.20295,0.020704,0.0834,0.14454,0.059033,-0.11358,-0.11153,-0.072344,-0.20177,0.092153,0.18919,0.14981,-0.048867,-0.0053379,0.0044525,0.088065,-0.0259,0.14609,0.12489,-0.065417,0.03825,0.0059835,-0.039084,0.11711,-0.029598,-0.084183,-0.068583,-0.10943,-0.0028028
"3.8933",0.037642,0.028635,0.25895,-0.053707,0.012156,0.038503,-0.020871,-0.21452,-0.1727,0.16657,-0.056961,-0.021167,0.15861,-0.15816,0.11864,0.0017069,-0.41247,0.11991,0.049119,-0.033614,-0.052905,0.07054,0.077244,-0.0027429,0.0018762,0.18747,-0.078412,-0.21853,-0.16992,0.050871,-0.055637,0.063714,-0.28486,0.051973,-0.061863,-0.020506,-0.071167,-0.016187,0.083566,-0.15774,0.016062,0.15413,-0.070639,-0.00034287,-0.10164,-0.061,-0.14255,0.083751,0.13441,0.06222
"3.9128",0.0044551,0.087899,0.11539,-0.0074685,-0.081031,0.032831,0.11816,0.020097,-0.11493,0.087876,0.045855,0.05223,-0.14751,0.051011,0.017553,0.10813,-0.17222,-0.18877,-0.23756,-0.018409,0.082633,-0.22533,0.11752,-0.053671,-0.13269,-0.053626,0.23249,0.093217,0.058096,0.044343,0.05259,-0.12031,-0.087597,0.094985,-0.079059,-0.052502,0.083263,0.042543,0.051264,-0.11957,-0.046747,-0.076489,-0.094245,-0.042706,0.080625,-0.091565,0.0048837,-0.16236,-0.13379,-0.10365
"3.9489",-0.043656,0.044137,0.098234,0.16767,0.12993,0.13721,-0.038566,0.1928,-0.16532,-0.069659,-0.075647,0.083061,-0.042208,-0.19668,0.11038,0.049273,-0.018868,0.20285,-0.039652,-0.059445,0.23399,0.1293,-0.049615,-0.23654,0.12109,-0.2141,-0.059049,-0.08621,-0.23438,0.06372,-0.028275,0.22146,0.026698,0.031081,0.13556,0.10476,0.15965,-0.042416,0.014475,-0.05913,-0.050415,-0.087833,0.069557,-0.13389,-0.0038071,-0.051877,0.15636,-0.047462,0.054566,0.019582
"3.9857",-0.16195,0.010847,-0.030639,0.07578,-0.12114,0.10944,-0.12536,-0.0074821,-0.095385,0.10981,-0.016031,0.077426,-0.079074,0.10912,-0.14387,-0.063631,-0.061302,0.089522,0.065879,-0.083444,-0.071086,0.042686,0.051807,0.028263,0.0039784,-0.012914,-0.20618,-0.10627,-0.072694,0.015672,0.0054919,-0.076562,-0.046044,-0.17393,0.00040701,-0.14959,0.15893,0.093578,-0.12825,0.18502,0.052419,-0.12635,-0.01823,0.076566,0.05073,0.077415,-0.047647,0.030063,-0.042448,0.14493
"4.01605",-0.037802,0.080909,-0.020632,0.035102,-0.008993,0.12013,-0.064028,0.087287,-0.018532,0.10371,-0.15807,0.047027,0.069444,-0.18602,0.034052,0.016708,0.071658,-0.18848,0.097524,0.027591,-0.0012041,0.079139,0.12445,0.16061,-0.073661,0.15281,0.051626,-9.3976e-05,0.095815,-0.027676,0.10401,-0.027649,-0.030472,0.13372,-0.13566,0.098881,0.31986,0.038885,-0.007652,0.14777,0.21131,-0.064657,-0.013407,0.067458,-0.092097,0.051131,-0.088421,-0.092995,0.021193,-0.10545
"4.0615",-0.082903,-0.052646,0.028902,0.23432,-0.083429,-0.24874,-0.28108,-0.069829,0.054251,-0.0033276,0.279,-0.1747,0.044022,-0.16248,-0.067536,0.04448,-0.026108,-0.041553,0.033035,0.082429,-0.21716,-0.11699,0.11372,0.11239,0.058078,-0.16468,0.056338,0.038647,-0.060987,0.18901,0.0089241,-0.036923,-0.021658,-0.070837,0.051969,-0.12755,0.0089381,-0.15787,-0.041305,-0.0056646,-0.017065,0.11405,-0.091172,-0.038711,-0.051574,-0.056524,0.032934,0.031918,-0.027488,0.17907
"4.1033",0.14125,-0.0038722,-0.16034,0.058211,0.066679,-1.9607e-05,-0.042742,0.01078,-0.03863,-0.068378,0.0066826,-0.019723,-0.094435,-0.10584,-0.10966,-0.098152,-0.036435,0.18109,-0.016901,-0.020275,0.011155,0.088818,-0.1225,0.19644,-0.18807,0.059574,0.021043,-0.10581,0.012858,-0.066791,-0.14178,-0.063427,0.024157,0.028192,0.14288,-0.22319,-0.0066705,-0.11186,-0.11145,0.034201,-0.19348,-0.023165,0.019401,0.055841,-0.085084,-0.12496,0.049319,-0.26902,0.10721,0.037895
"4.1433",0.20833,0.042848,0.036847,-0.032213,-0.031528,-0.0021031,-0.016425,0.11664,-0.083692,0.062904,-0.074673,-0.20789,-0.19508,-0.035428,0.00050103,0.042391,-0.22568,-0.088149,0.089327,0.021815,-0.094097,0.1601,-0.12493,0.082391,0.15058,0.060514,0.030532,-0.087109,0.086062,-0.025008,-0.18762,-0.12004,0.14464,-0.14293,0.15541,0.032693,0.0081284,0.13263,0.11127,-0.074295,0.069689,-0.01646,0.017543,0.014502,0.17623,-0.012908,-0.12699,-0.026183,-0.11694,0.1839
"4.1671",0.12715,-0.035226,-0.045466,0.16926,0.090122,-0.030231,0.045085,0.018124,0.032438,0.036692,0.11628,-0.16151,-0.071663,0.020231,-0.0070658,-0.28353,0.053348,-0.0055172,-0.080259,-0.043893,0.32433,0.012281,-0.22042,0.23656,-0.046536,0.19833,0.0053455,0.1213,-0.1387,0.09126,-0.19204,-0.034592,-0.10728,-0.089203,-0.0019188,0.071551,0.18786,0.034769,-0.21829,-0.009774,0.17475,0.048762,0.086196,-0.041483,-0.079891,0.079163,-0.020993,0.14308,-0.095453,-0.070335
"6.8579",-0.017763,-0.070273,0.026745,0.10109,0.11939,0.089083,-0.21364,-0.033764,0.28355,-0.14502,-0.062367,0.12136,-0.081388,0.10785,0.10351,-0.19115,-0.17908,-0.14057,0.086041,0.098524,0.047797,0.049557,-0.0051252,-0.00017271,0.085892,0.046796,-0.21561,0.13433,0.038254,-0.088815,0.13401,-0.15254,-0.050881,0.12491,0.05071,-0.022357,0.076204,-0.03386,-0.016632,0.081109,-0.23039,0.1113,0.0042247,0.01892,-0.044114,-0.017503,-0.043862,-0.05643,0.046979,0.075235
"6.8887",0.054494,-0.029973,0.036659,0.028969,0.045334,0.050562,-0.058589,-0.040677,0.33739,0.042877,-0.25593,-0.038002,-0.091211,0.080326,0.011799,-0.098429,0.070537,-0.14446,-0.12305,0.23627,-0.061857,0.015021,-0.029657,-0.078415,0.014339,-0.085834,-0.11765,0.018551,-0.26686,0.016326,-0.13422,0.021373,0.024947,-0.043268,-0.081156,-0.022228,-0.13605,-0.11775,0.012802,-0.070632,-0.073449,-0.045656,-0.0042513,-0.12475,0.01619,0.047392,-0.20474,0.14665,-0.059924,-0.010696
"6.9116",-0.046204,0.020822,0.091206,0.04575,0.041383,0.13051,-0.021071,0.019467,0.12518,-0.10277,0.030965,-0.011612,-0.16252,-0.11539,0.2974,-0.087368,0.064092,-0.11364,0.0032798,-0.21753,-0.0094543,-0.080306,0.087656,-0.058811,-0.032609,-0.11686,-0.039643,0.0381,-0.042843,0.047868,-0.03451,0.063442,0.084505,-0.085207,-0.0015145,0.071125,0.028204,0.049278,0.10173,0.092016,0.082172,0.034756,-0.010836,0.098496,-0.094495,0.22377,0.096944,-0.15073,-0.049978,0.033099
"6.9765",0.028781,0.0012845,-0.017299,-0.092734,0.31502,0.18788,0.053316,-0.14771,-0.019504,0.026156,-0.010432,-0.2226,-0.097272,-0.084886,-0.018659,0.040414,0.060761,-0.055472,-0.046443,-0.071073,-0.057414,-0.20312,-0.073148,-0.20596,0.16418,0.045613,-0.04272,-0.073455,-0.1002,0.0071336,-0.0096423,0.055839,-0.082561,-0.012282,-0.20302,-0.071418,0.043874,0.059417,-0.11414,0.015664,0.1924,-0.03072,0.16132,-0.076567,0.051566,-0.0443,-0.047797,-0.081233,0.2032,0.10261
"7.0159",0.049395,-0.071872,-0.05563,-0.088413,-0.050066,-0.036992,0.060741,0.020506,-0.012098,-0.11784,-0.095836,-0.037422,-0.13731,-0.095676,0.12803,-0.014976,-0.09514,0.031754,-0.080492,0.11097,0.033345,-0.068576,-0.024094,0.04556,-0.2534,-0.018412,0.11655,0.034422,0.072968,-0.00077998,-0.056281,0.0075357,0.10663,-0.14129,-0.20283,-0.15358,-0.11152,-0.035382,0.10176,0.066044,-0.027572,0.032202,0.029159,-0.03972,0.14079,0.20082,0.083025,-0.073667,0.23543,0.057441
"7.0508",0.0042291,-0.040913,0.082012,-0.02702,0.046464,-0.019528,0.045705,0.035396,-0.087574,-0.082984,-0.0053238,0.17713,0.088774,-0.30808,0.19076,0.068137,-0.018331,-0.10366,-0.036637,-0.020215,-0.13971,0.044731,0.089941,-0.054019,-0.0033437,0.080294,-0.011245,0.21633,0.01611,0.032787,-0.30257,0.023084,-0.016395,-0.13957,0.10424,-0.20378,0.16904,-0.052843,-0.081879,-0.011815,-0.20375,-0.114,-0.087844,0.0051685,-0.021456,-0.0071028,0.076949,0.039085,0.023381,-0.047895
"7.0978",0.0080294,0.011834,-0.035894,0.01177,-0.11072,-0.084864,0.0066378,-0.016151,-0.022164,-0.143,0.10019,-0.069937,-0.20209,-0.22438,-0.25356,-0.012766,0.085801,-0.10069,-0.10777,-0.11741,0.043938,0.1795,0.08579,-0.12415,0.042121,-0.12197,-0.14611,0.076946,-0.12551,-0.099849,0.19768,-0.092523,-0.024635,0.027672,-0.22887,0.064679,-0.044991,0.020724,-0.066743,0.08066,-0.013868,0.068241,0.043498,-0.011249,0.0012532,-0.080584,-0.05777,-0.13726,0.21746,0.0060802
"7.1207",-0.11008,0.025856,0.041224,0.053312,0.00034807,0.03817,-0.12922,0.050692,-0.23095,0.16111,-0.15141,-0.020002,-0.17639,0.20623,0.12465,-0.030876,-0.11625,0.024513,0.16897,-0.19218,-0.29294,-0.20917,-0.020065,0.15672,0.016177,-0.052875,-0.01347,0.28694,-0.14156,0.034082,-0.060883,0.065973,0.18894,0.066622,-0.11835,0.07847,-0.25036,-0.011632,-0.099479,0.076485,0.08782,-0.15546,-0.00092992,-0.067581,-0.058931,-0.031671,0.010517,-0.013283,0.0026684,0.0092474
"7.1607",0.010774,-0.0046342,-0.031443,-0.0010823,0.1166,0.18771,0.046209,0.044099,0.052907,0.059367,-0.038974,0.075355,-0.045271,-0.0072979,-0.12535,0.16053,0.066423,-0.1127,0.10103,-0.0090633,-0.035562,0.030356,-0.057398,-0.0272,-0.040589,-0.0057321,-0.030382,-0.10152,-0.018114,-0.00867,-0.032127,-0.079669,-0.035392,0.037102,-0.027257,-0.15364,0.078307,0.027503,0.045627,-0.14528,-0.041784,-0.12689,0.063401,0.14806,-0.12018,0.10964,-0.074182,0.073614,-0.033216,-0.047538
"7.18685",-0.014311,-0.0028781,0.049117,0.021381,-0.062958,0.1109,0.0027601,0.056499,0.17545,0.086813,-0.046488,0.1041,0.13487,-0.088851,-0.13579,-0.15297,0.05496,0.12206,-0.036197,0.07723,0.056328,-0.1203,0.044304,-0.00017122,0.22034,-0.063683,0.057916,-0.043754,0.063466,-0.003927,-0.087624,-0.15212,-0.030959,0.016402,0.10824,-0.15287,-0.092393,0.03021,-0.051482,0.13759,0.12383,-0.35346,-0.049317,0.19645,0.11906,-0.1176,0.036815,-0.12153,0.084322,-0.0089149
"7.2155",-0.16743,-0.13681,0.17389,0.025306,0.13734,-0.074681,0.12714,0.097702,-0.053976,-0.051091,0.027644,-0.1724,-0.042226,0.012031,-0.031286,-0.034698,-0.10671,-0.0055021,-0.023875,0.057807,0.06291,-0.0052264,0.0052226,-0.078185,-0.14768,-0.047588,-0.1253,0.012868,0.017768,-0.030532,0.091407,0.12103,0.10462,0.0077274,0.033211,-0.19039,0.0020804,-0.082034,0.1015,-0.013723,0.0073846,-0.2725,0.0095646,0.06522,-0.10653,-0.086539,-0.09142,-0.066942,-0.31513,0.0014874
"7.2931",-0.15734,-0.055436,0.063916,-0.066181,0.12038,0.058925,0.0078398,0.039194,-0.072883,-0.026896,0.14894,0.042509,-0.12917,0.06359,0.19332,-0.13483,-0.1049,0.038158,0.091649,0.059715,0.085298,0.082024,0.07262,-0.069977,0.11272,0.065313,-0.11037,0.118,0.056113,-0.056014,0.10955,-0.16862,0.10879,0.035623,0.10775,0.009519,-0.025726,-0.077827,0.025268,-0.015824,-0.0038362,0.042042,-0.066792,0.10229,-0.0053002,-0.11662,-0.12396,0.015566,-0.0022936,-0.060622
"7.3257",-0.1184,-0.023977,0.21688,-0.040889,0.025728,0.2076,0.10089,0.11328,-0.036171,-0.13634,-1.6381e-05,-0.03493,0.092148,0.073917,-0.044392,-0.1118,0.13749,-0.096259,-0.03759,-0.052873,-0.067093,0.046104,-0.1222,0.23116,-0.069723,-0.27951,0.17121,-0.12821,-0.18158,0.018645,-0.14863,-0.020851,-0.12082,-0.16754,0.0066582,-0.017328,-0.084515,0.15069,0.14798,0.21554,-0.18452,0.14628,0.024995,-0.025477,0.036273,-0.1153,-0.095946,0.11547,0.031929,-0.010075
"7.3659",0.093494,-0.29895,0.016322,0.20658,0.15588,0.082454,0.038643,-0.044572,0.083499,0.098524,-0.044785,0.031934,-0.099415,0.06652,0.037809,0.16497,0.058984,0.047864,-0.02248,-0.1228,-0.026581,0.065973,0.034818,-0.031256,0.059517,0.057795,0.017017,-0.056197,0.023709,0.027054,0.055749,-0.037625,0.10605,0.059395,-0.044319,-0.041126,-0.070921,0.04182,-0.061212,-0.10456,0.024806,0.001607,-0.10341,0.098547,0.17906,-0.089305,0.061673,0.13917,0.084199,0.02697
"7.4135",0.056726,-0.25499,0.14847,0.12097,0.071945,0.046342,0.0076044,-0.070305,-0.043908,-0.039278,0.084857,0.03839,0.038245,-0.033693,0.19724,0.0043982,0.12522,-0.00080223,-0.025883,-0.15599,0.037694,-0.07377,0.08083,0.039611,0.045188,0.06694,-0.083202,0.069552,0.018198,-0.021712,-0.00097373,-0.11227,0.096163,-0.17221,-0.022609,0.06058,0.098481,-0.0014435,0.13832,0.058433,0.071549,-0.0020077,-0.027913,0.22177,-0.04421,-0.095797,-0.025766,0.15521,0.031127,-0.010972
"7.4292",0.096519,-0.23385,0.068861,0.11786,0.076677,-0.016134,0.067461,-0.029421,0.019362,0.080725,-0.047526,-0.039131,0.11605,0.1113,-0.064612,0.091481,0.068278,0.055258,-0.085755,0.10704,0.037931,0.049274,0.047602,0.0057387,-0.0093795,0.12541,0.019324,0.06152,0.079446,0.040331,0.054162,-0.055681,0.02564,-0.0062638,-0.016004,-0.12802,-0.078233,0.019558,0.056859,0.039409,0.022632,-0.092006,0.055318,-0.11237,-0.086921,0.089615,-0.15118,0.061826,0.098378,-0.027801
"7.4999",-0.11695,-0.026638,0.03407,-0.16092,0.17428,0.0096631,0.096086,0.36448,-0.03229,0.13309,0.013713,0.1183,-0.088506,0.067206,0.026008,0.017172,0.076485,0.0069767,0.25419,0.076358,0.089037,0.084453,0.097972,0.1178,0.1849,-0.042106,0.11431,-0.015737,0.094376,-0.0024083,-0.02004,-0.046352,-0.11697,-0.049144,-0.09348,-0.16688,0.022427,-0.42358,0.023203,0.083441,0.11476,0.19527,-0.044736,-0.25348,0.017862,-0.0030559,0.092368,0.016912,0.003318,0.02621
"7.5507",-0.24765,-0.18186,-0.11515,-0.13796,-0.18812,0.10475,-0.010383,-0.053035,0.040508,-0.028131,-0.034642,-0.11411,-0.0074851,-0.029154,0.0038565,0.044373,0.015627,0.017617,-0.062854,-0.024909,0.058916,0.00051511,0.014922,0.025351,0.027114,-0.041479,-0.055448,0.029131,-0.028674,0.07219,-0.15343,0.050434,0.012038,0.0074865,0.038824,0.078053,0.01856,-0.0027204,0.030602,0.02041,0.037083,0.033207,-0.0052962,-0.026795,0.0071656,0.081468,-0.083728,-0.0040607,0.066058,-0.059546
"7.5698",-0.18682,-0.14221,-0.066943,-0.13166,-0.15447,0.10005,-0.0087895,-0.038711,0.04697,0.027092,0.0079225,-0.10256,0.049665,-0.086193,0.039971,-0.030828,-0.033736,0.018388,-0.029974,-0.049652,0.031505,0.0041068,-0.046346,-0.0068322,0.077506,0.074394,-0.027541,0.0062307,0.03234,0.014234,-0.045501,0.033318,0.11754,0.027933,0.054248,-0.032583,0.071201,-0.015655,0.054719,0.0087514,-0.096222,0.01536,0.067406,-0.028589,-0.059039,0.10092,-0.041324,-0.13714,0.047698,0.020136
"7.6349",-0.22074,-0.14696,-0.074435,-0.13627,-0.16449,0.093449,-0.025444,-0.05131,0.058915,0.022871,0.0050252,-0.094246,0.013334,-0.055459,-0.010438,-0.014576,-0.01791,0.028424,-0.057905,-0.033512,0.037849,0.010058,0.0047433,-0.007172,0.075072,0.073977,-0.061911,-0.056387,-0.00094941,-0.012306,-0.061521,0.040771,0.087088,0.089433,0.029528,-0.0063393,0.047164,-0.04394,0.098334,-0.072514,-0.074321,0.022243,-0.079856,-0.031573,-0.075782,0.046562,-0.058753,-0.10587,-0.0016718,-0.072039
"7.6799",0.11891,-0.15486,-0.14502,0.042896,0.053024,-0.039491,-0.0057285,-0.0043672,-0.035881,0.023462,-0.028303,-0.14606,0.10067,-0.12546,0.13484,-0.1237,0.0869,-0.14896,0.19615,-0.027422,-0.013799,0.10163,-0.12743,-0.016315,0.027044,0.038136,0.10745,0.018492,0.088467,-0.053858,0.16887,0.064437,-0.0753,-0.15527,0.019134,0.016789,-0.028493,-0.00093915,0.17779,-0.086164,-0.015591,-0.28351,-0.077338,-0.017094,0.20349,-0.1073,0.026465,-0.007059,0.10411,0.045453
"7.69755",-0.0116,-0.048441,-0.00449,-0.16196,0.080358,-0.1703,-0.079572,0.29892,0.05347,0.080297,-0.046317,-0.16293,-0.10481,0.012342,-0.02361,-0.073762,-0.02377,0.00049845,-0.092835,0.082991,0.013352,0.095358,0.0099346,-0.17873,-0.042094,-0.050909,-0.052841,0.0091736,0.075387,-0.0099786,-0.084303,-0.19604,-0.28336,0.06505,-0.11494,-0.11478,-0.030898,0.19948,0.065286,0.042056,0.022906,-0.07887,-0.14734,0.087303,-0.24075,-0.01198,0.053827,-0.013419,-0.014071,0.050871
"7.7714",0.03385,0.077354,-0.069761,-0.02913,0.24939,0.054882,0.041956,-0.062419,0.057906,0.023931,-0.059994,-0.21546,-0.041808,-0.062609,-0.0048879,-0.048652,-0.077901,-0.023867,-0.060923,0.020361,-0.033266,-8.7008e-05,0.079788,-0.24424,0.10348,0.020053,0.22699,-0.13064,0.080335,0.078464,0.044535,0.13477,0.045769,-0.029931,0.18071,-0.016386,-0.13468,-0.090156,-0.23414,0.12278,0.07815,0.23404,-0.1551,0.21711,-0.1303,0.09681,0.033739,0.058399,-0.11328,0.0034514
"7.8313",-0.19951,-0.14356,-0.022632,-0.1413,-0.13992,0.17644,0.069543,0.048007,0.16369,0.012391,0.071277,-0.064605,0.061167,-0.26351,0.074801,-0.099555,-0.02219,0.13825,-0.050685,0.12551,0.02527,-0.1096,-0.040374,0.0092749,0.015593,0.056249,0.021564,0.084283,-0.038004,-0.06451,0.036665,-0.11903,-0.0086671,0.029582,-0.078831,-0.045694,-0.21216,0.085029,-0.030128,-0.17246,0.076131,0.084391,-0.013474,-0.018794,0.22273,0.087399,0.16414,0.16322,-0.10662,0.084216
"7.8463",-0.1369,-0.11446,-0.17417,-0.13049,-0.13388,-0.11134,-0.047982,-0.13268,-0.12655,-0.04508,-0.21256,-0.12129,-0.14714,0.24791,-0.06039,0.14964,-0.0024174,-0.12877,-0.064822,0.0011428,0.075534,0.1428,0.07338,-0.021321,-0.021748,0.19092,-0.085165,-0.13475,-0.029069,0.17589,-0.069799,0.11171,-0.020575,-0.16462,-0.020282,-0.013722,0.07708,-0.2016,0.041468,0.030185,-0.074917,-0.053621,0.069865,0.072643,0.055249,-0.14179,0.17042,0.044053,-0.027942,-0.037301
"7.9505",-0.024537,-0.13216,-0.024319,-0.01307,-0.12514,0.063622,-0.074586,-0.12218,-0.054359,0.22766,-0.031809,-0.17172,0.0028793,0.042725,0.04519,0.0079259,0.072393,-0.021423,0.41047,0.14863,0.19078,-0.099436,-0.092575,-0.20359,-0.17089,0.020962,0.13279,0.20293,-0.17566,-0.034897,0.058859,-0.077936,-0.24755,-0.073763,0.0032486,0.073497,0.018856,-0.027523,-0.029506,0.004082,-0.1343,0.03314,0.079965,0.17906,-0.063598,-0.10996,0.072421,-0.10762,0.031143,0.060285
"7.9715",0.0095658,-0.020251,0.066676,0.097066,-0.044271,-0.032054,0.0093828,0.10908,0.016274,0.054354,-0.062189,-0.19808,-0.15185,-0.080601,0.079401,-0.013073,-0.00093955,-0.038118,0.0045469,0.082083,-0.0020948,0.18813,0.33843,0.15463,-0.2365,0.061847,-0.039472,-0.078802,-0.17541,-0.27699,0.045758,-0.017139,0.058316,0.22415,0.096684,0.051699,0.053873,0.062046,0.093866,0.030362,0.071463,0.059974,-0.028915,-0.10312,0.068211,-0.096512,-0.024631,0.16933,0.083088,0.01329
"8.4618",0.028805,-0.030481,-0.041746,-0.060339,0.0016092,-0.086652,0.069209,-0.0013777,0.16142,-0.087453,-0.16656,0.12603,-0.04512,-0.064396,0.1517,0.13988,-0.1376,0.0021786,-0.12634,0.13532,-0.21306,-0.01367,-0.2024,0.0080564,0.086123,0.099612,-0.034939,0.026284,-0.17742,-0.040558,0.015084,-0.10434,0.083955,0.17707,-0.095066,-0.073377,0.15036,-0.069609,-0.13413,0.096759,0.12107,0.093178,0.21435,0.048625,0.11934,-0.25681,0.066611,-0.12969,-0.093035,-0.035496
"8.5282",-0.031512,-0.03531,-0.087779,0.04838,-0.11433,0.19292,0.011508,-0.024771,0.15046,0.14676,0.21161,0.029751,0.18331,0.090818,0.063585,-0.00080129,-0.057634,-0.16461,-0.072267,-0.14292,0.034656,0.072446,-0.10211,-0.15172,-0.087685,0.012665,0.14827,-0.13073,0.12949,0.11764,-0.062768,-0.03456,0.18634,0.1876,-0.10328,0.005319,0.086442,0.070965,0.0057431,0.16163,-0.020902,-0.04161,-0.042637,-0.22194,-0.22329,-0.25651,-0.0041666,0.073261,0.024296,0.25936
"8.8399",-0.06183,-0.071529,-0.064422,0.044286,0.05624,0.076257,-0.25048,-0.034431,-0.27326,-0.2929,0.104,0.079258,-0.045205,0.14789,0.079876,0.043094,-0.042643,-0.05078,-0.055426,0.18499,0.14004,-0.030704,0.01052,-0.0064371,0.083977,0.020301,0.098613,-0.083299,0.016723,-0.12105,0.051253,-0.070812,-0.050734,-0.073546,-0.071628,-0.1053,-0.062777,0.1403,-0.058596,-0.0037092,-0.031319,0.046838,0.076799,0.011261,0.033799,0.1039,-0.096632,0.025576,-0.089581,0.011003
"9.1278",-0.056058,-0.041473,-0.098613,0.021748,0.026213,0.025721,-0.21112,-0.08802,-0.2729,-0.24664,0.024814,0.046796,0.040368,0.084013,0.033866,0.052665,0.035452,-0.014871,-0.082295,0.15167,0.16692,-0.082472,-0.072042,-0.10776,0.051631,-0.020401,0.074987,-0.060196,-0.12171,-0.19437,-0.0026583,-0.04731,0.075503,0.023259,-0.047067,-0.14955,0.066218,0.086421,0.0039332,-0.0403,0.20756,0.0040383,-0.23498,-0.070415,-0.0071927,-0.034723,0.0029715,0.022382,-0.009384,0.058885
